"","id","address_old1","address_old1.5","address_old2","fax","phone","state","id2"
"1","130 East Redoubt Avenue--12","130 East Redoubt Avenue","","Soldotna, AK 99669","f: 907.262.8564","p: 800.769.0045","AK","130 East Redoubt Avenue"
"2","1867 Airport Way, Suite 160B--4","1867 Airport Way, Suite 160B","","Fairbanks, AK 99701","f: 907.455.7280","p: 800.769.0045","AK","1867 Airport Way, Suite 160B"
"3","3231 Glacier Hwy.--8","3231 Glacier Hwy.","","Juneau, AK 99801","f: 907.523.5026","p: 800.769.0045","AK","3231 Glacier Hwy."
"4","4001 Lake Otis Parkway #101--1","4001 Lake Otis Parkway #101","","Anchorage, AK 99508","f: 907.563.7419","p: 800.769.0045","AK","4001 Lake Otis Parkway #101"
"5","1211 27th Place South--1","1211 27th Place South","","Birmingham, AL 35205","f: 205.322.2162","p: 205.322.2121","AL","1211 27th Place South"
"6","717 Downtowner Loop West--4","717 Downtowner Loop West","","Mobile, AL 36609","f: 251.342.8999","p: 251.342.6695","AL","717 Downtowner Loop West"
"7","3729 North Crossover St.--1","3729 North Crossover St.","Suite 107","Fayetteville, AR 72703","f: 479.443.5761","p: 855.841.7526","AR","3729 North Crossover St."
"8","5921 W. 12th Street--5","5921 W. 12th Street","Suite B & C","Little Rock, AR 72204","f: 501.801.0205","p: 855.841.7526","AR","5921 W. 12th Street"
"9","1235 S. Gilbert Rd.--14","1235 S. Gilbert Rd.","Suite 20","Mesa, AZ 85204","f: 480.892.0403","p: 602.277.7526","AZ","1235 S. Gilbert Rd."
"10","1250 E. Apache Blvd.--38","1250 E. Apache Blvd.","Suite 108","Tempe, AZ 85281","f: 480.921.8712","p: 602.277.7526","AZ","1250 E. Apache Blvd."
"11","2255 N. Wyatt Dr.--47","2255 N. Wyatt Dr.",NA,"Tucson, AZ 85712","f: 520.628.3069","p: 520.408.7526","AZ","2255 N. Wyatt Dr."
"12","2500 S. Woodlands Village Blvd--5","2500 S. Woodlands Village Blvd","Suite 12","Flagstaff, AZ 86001","f: 928.774.5366","p: 855.207.7526","AZ","2500 S. Woodlands Village Blvd"
"13","3131 E. Thunderbird Rd.--28","3131 E. Thunderbird Rd.","Suite 48","Phoenix, AZ 85032","f: 602.953.8052","p: 602.277.7526","AZ","3131 E. Thunderbird Rd."
"14","4616 N. 51st Ave.--23","4616 N. 51st Ave.","Suite 210","Phoenix, AZ 85031","f: 623.209.9843","p: 602.277.7526","AZ","4616 N. 51st Ave."
"15","529 W. Wetmore Rd.--43","529 W. Wetmore Rd.",NA,"Tucson, AZ 85705","f: 520.628.3083","p: 520.408.7526","AZ","529 W. Wetmore Rd."
"16","5651 N. 7th St.--19","5651 N. 7th St.",NA,"Phoenix, AZ 85014","f: 602.200.2104","p: 602.200.2150","AZ","5651 N. 7th St."
"17","5771 W. Eugie--10","5771 W. Eugie",NA,"Glendale, AZ 85304","f: 623.937.3014","p: 602.277.7526","AZ","5771 W. Eugie"
"18","610 N. Alma School Road--1","610 N. Alma School Road","Suite 48","Chandler, AZ 85224","f: 480.814.1095","p: 602.277.7526","AZ","610 N. Alma School Road"
"19","7901 E. Thomas Rd.--33","7901 E. Thomas Rd.","Suite 106","Scottsdale, AZ 85251","f: 480.429.2326","p: 602.277.7526","AZ","7901 E. Thomas Rd."
"20","1014 1/2 N Vermont Ave--134","1014 1/2 N Vermont Ave",NA,"Los Angeles, CA 90029","f: 323.664.3602","p: 800.576.5544","CA","1014 1/2 N Vermont Ave"
"21","1032 A Street--94","1032 A Street",NA,"Hayward, CA 94541","f: 510.300.3850","p: 510.300.3800","CA","1032 A Street"
"22","1045 N. Lake Ave.--206","1045 N. Lake Ave.",NA,"Pasadena, CA 91104","f: 626.794.2533","p: 626.798.0706","CA","1045 N. Lake Ave."
"23","1057 Kingston Ave--118","1057 Kingston Ave",NA,"Los Angeles, CA 90033","f: 323.223.1422","p: 800.576.5544","CA","1057 Kingston Ave"
"24","10737 Camino Ruiz--300","10737 Camino Ruiz","Medical Mall, #220","San Diego, CA 92126","f: 619.291.0959","p: 888.743.7526","CA","10737 Camino Ruiz"
"25","1104 Buchanan Road #C10--9","1104 Buchanan Road #C10",NA,"Antioch, CA 94509","f: 925.754.5931","p: 925.754.4550","CA","1104 Buchanan Road #C10"
"26","1119 Pacific Ave. Suite 200--368","1119 Pacific Ave. Suite 200",NA,"Santa Cruz, CA 95060","f: 831.425.0106","p: 831.426.5550","CA","1119 Pacific Ave. Suite 200"
"27","1125 10th Street--258","1125 10th Street",NA,"Sacramento, CA 95814","f: 916.446.3672","p: 916.444.7966","CA","1125 10th Street"
"28","1140 Sonoma Avenue--384","1140 Sonoma Avenue","Building 3","Santa Rosa, CA 95405","f: 707.527.5015","p: 707.527.7656","CA","1140 Sonoma Avenue"
"29","1165 So. Dora St., Suite A--409","1165 So. Dora St., Suite A",NA,"Ukiah, CA 95482","f: 707.462.4490","p: 707.462.4303","CA","1165 So. Dora St., Suite A"
"30","11722 S. Wilmington Avenue--146","11722 S. Wilmington Avenue",NA,"Los Angeles, CA 90059","f: 323.249.9059","p: 800.576.5544","CA","11722 S. Wilmington Avenue"
"31","1200 W Hillcrest--401","1200 W Hillcrest",NA,"Thousand Oaks, CA 91320","f: 805.498.6469","p: 888.898.3806","CA","1200 W Hillcrest"
"32","12900 Frederick Street, Suite C--170","12900 Frederick Street, Suite C",NA,"Moreno Valley, CA 92553","f: 619.291.0959","p: 888.743.7526","CA","12900 Frederick Street, Suite C"
"33","1294 Potrero Ave.--318","1294 Potrero Ave.",NA,"San Francisco, CA 94110","f: ","p: 415.401.8737","CA","1294 Potrero Ave."
"34","1295 Broadway #201--33","1295 Broadway #201",NA,"Chula Vista, CA 91911","f: 619.291.0959","p: 888.743.7526","CA","1295 Broadway #201"
"35","130 W Route 66 --89","130 W Route 66 ","Suite 100","Glendora, CA 91740","f: 626.691.1177","p: 626.798.0706","CA","130 W Route 66 "
"36","1316 3rd Street Promenade #201--380","1316 3rd Street Promenade #201",NA,"Santa Monica, CA 90401","f: 310.395.3628","p: 800.576.5544","CA","1316 3rd Street Promenade #201"
"37","1325 Travis Blvd. #C--73","1325 Travis Blvd. #C",NA,"Fairfield, CA 94533","f: 707.429.0285","p: 707.429.8855","CA","1325 Travis Blvd. #C"
"38","1357 Oakland Blvd.--442","1357 Oakland Blvd.",NA,"Walnut Creek, CA 94596","f: 925.932.2231","p: 925.935.3010","CA","1357 Oakland Blvd."
"39","1421 E. 17th Street--356","1421 E. 17th Street",NA,"Santa Ana, CA 92705","f: 714.973.8897","p: 714.922.4100","CA","1421 E. 17th Street"
"40","1431 McHenry Avenue, Suite 100--166","1431 McHenry Avenue, Suite 100",NA,"Modesto, CA 95350","f: 209-579-1948","p: 209-579-2300","CA","1431 McHenry Avenue, Suite 100"
"41","14372 Beach Blvd.--450","14372 Beach Blvd.",NA,"Westminster, CA 92683","f: 714.893.5145","p: 714.922.4100","CA","14372 Beach Blvd."
"42","1441 N. Tracy Blvd.--405","1441 N. Tracy Blvd.",NA,"Tracy, CA 95376","f: 209.835.8534","p: 209.835.8910","CA","1441 N. Tracy Blvd."
"43","14623 Hawthorne Blvd. #300--110","14623 Hawthorne Blvd. #300",NA,"Lawndale, CA 90260","f: 213.284.3369","p: 800.576.5544","CA","14623 Hawthorne Blvd. #300"
"44","14671 Olympic Drive--37","14671 Olympic Drive",NA,"Clearlake, CA 95422","f: 707.995.2816","p: 707.995.2261","CA","14671 Olympic Drive"
"45","15403 Park Avenue East--434","15403 Park Avenue East",NA,"Victorville, CA 92391","f: ","p: 760.245.9500","CA","15403 Park Avenue East"
"46","1550 N Garey Avenue--214","1550 N Garey Avenue",NA,"Pomona, CA 91767","f: 909.620.0729","p: 800.576.5544","CA","1550 N Garey Avenue"
"47","1578 Colorado Blvd.--126","1578 Colorado Blvd.",NA,"Los Angeles, CA 90041","f: 323.256.0026","p: 626.798.0706","CA","1578 Colorado Blvd."
"48","1602 Thomas Avenue--310","1602 Thomas Avenue",NA,"San Diego, CA 92109","f: 619.291.0959","p: 888.743.7526","CA","1602 Thomas Avenue"
"49","1650 Valencia St--314","1650 Valencia St",NA,"San Francisco, CA 94110","f: 415.821.9047","p: 415.821.1282","CA","1650 Valencia St"
"50","1682 7th Street--194","1682 7th Street",NA,"Oakland, CA 94607","f: 510.433.8793","p: 510.300.3800","CA","1682 7th Street"
"51","1685 E. Main  Street #301--53","1685 E. Main  Street #301",NA,"El Cajon, CA 92021","f: 619.291.0959","p: 888.743.7526","CA","1685 E. Main  Street #301"
"52","1691 The Alameda--336","1691 The Alameda",NA,"San Jose, CA 95126","f: 408.971.6963","p: 408.287.7526","CA","1691 The Alameda"
"53","1735 Jefferson Street--178","1735 Jefferson Street",NA,"Napa, CA 94559","f: 707.252.4203","p: 707.252.8050","CA","1735 Jefferson Street"
"54","1820 Marron Road, Suite 110--25","1820 Marron Road, Suite 110",NA,"Carlsbad, CA 92008","f: 619.291.0959","p: 888.743.7526","CA","1820 Marron Road, Suite 110"
"55","1873 Commercenter West--270","1873 Commercenter West",NA,"San Bernardino, CA 92408","f: 909.890.4599","p: 909.890.5511","CA","1873 Commercenter West"
"56","2 H Street--348","2 H Street",NA,"San Rafael, CA 94901","f: ","p: 415.459.4907","CA","2 H Street"
"57","200 Porter Drive, Suite 200--352","200 Porter Drive, Suite 200",NA,"San Ramon, CA 94583","f: 925.838.9265","p: 925.838.2108","CA","200 Porter Drive, Suite 200"
"58","201 29th Street, Ste. B--254","201 29th Street, Ste. B",NA,"Sacramento, CA 95816","f: 916-446-0640","p: 916-446-6921","CA","201 29th Street, Ste. B"
"59","2017 First Avenue --286","2017 First Avenue ","Suite 301","San Diego, CA 92101","f: 619.291.0959","p: 888.743.7526","CA","2017 First Avenue "
"60","2017 First Avenue--291","2017 First Avenue","Suite 100","San Diego, CA 92101","f: 619.291.0959","p: 888.743.7526","CA","2017 First Avenue"
"61","21001 Sherman Way #9--21","21001 Sherman Way #9",NA,"Canoga Park, CA 91303","f: 818.883.9517","p: 800.576.5544","CA","21001 Sherman Way #9"
"62","211 N. Stevenson Street--438","211 N. Stevenson Street",NA,"Visalia, CA 93291","f: ","p: 877.855.7526","CA","211 N. Stevenson Street"
"63","2185 Pacheco Street--45","2185 Pacheco Street",NA,"Concord, CA 94520","f: 925.676.2650","p: 925.676.0300","CA","2185 Pacheco Street"
"64","220 Euclid Ave, Suite 30--282","220 Euclid Ave, Suite 30",NA,"San Diego, CA 92114","f: 619.291.0959","p: 888.743.7526","CA","220 Euclid Ave, Suite 30"
"65","225 San Antonio Road--174","225 San Antonio Road",NA,"Mountain View, CA 94040","f: 650.948.3319","p: 650.948.0807","CA","225 San Antonio Road"
"66","2344 Old Sonoma Road Building G--182","2344 Old Sonoma Road Building G",NA,"Napa, CA 94559","f: ","p: 707.252.2539","CA","2344 Old Sonoma Road Building G"
"67","2470 Alvin Ave --331","2470 Alvin Ave ","Suite 60","San Jose, CA 95121","f: 408.274.8763","p: 408.274.7100","CA","2470 Alvin Ave "
"68","26137 La Paz Road #200--162","26137 La Paz Road #200",NA,"Mission Viejo, CA 92691","f: 949.768.5660","p: 714.922.4100","CA","26137 La Paz Road #200"
"69","2633 16th Street--13","2633 16th Street",NA,"Bakersfield, CA 93301","f: 661.634.1040","p: 661.634.1000","CA","2633 16th Street"
"70","2690 Pacific Avenue, Ste. 370--114","2690 Pacific Avenue, Ste. 370",NA,"Long Beach, CA 90806","f: 562.595.6289","p: 800.576.5544","CA","2690 Pacific Avenue, Ste. 370"
"71","29 Baywood Ave --344","29 Baywood Ave ",NA,"San Mateo, CA 94402","f: 650.235.7978","p: 650.235.7940","CA","29 Baywood Ave "
"72","2907 El Camino Real --230","2907 El Camino Real ",NA,"Redwood City , CA 94061","f: 650.298.9875","p: 650.503.7810","CA","2907 El Camino Real "
"73","2935 Bechelli Lane Suite C--226","2935 Bechelli Lane Suite C",NA,"Redding, CA 96002","f: 530.351.7101","p: 530.351.7100","CA","2935 Bechelli Lane Suite C"
"74","2970 Hilltop Mall Road #307--238","2970 Hilltop Mall Road #307",NA,"Richmond, CA 94806","f: 510.222.9231","p: 510.222.5290","CA","2970 Hilltop Mall Road #307"
"75","303 W Lincoln #105--5","303 W Lincoln #105",NA,"Anaheim, CA 92805","f: 714.956.2748","p: 714.922.4100","CA","303 W Lincoln #105"
"76","3100 Cohasset Rd.--29","3100 Cohasset Rd.",NA,"Chico, CA 95973","f: 530.342.2949","p: 530.342.8367","CA","3100 Cohasset Rd."
"77","3131 Alum Rock Avenue--327","3131 Alum Rock Avenue",NA,"San Jose, CA 95127","f: 408-729-5684","p: 408-729-7600","CA","3131 Alum Rock Avenue"
"78","316 N. Main Street--266","316 N. Main Street",NA,"Salinas, CA 93901","f: 831.758.3475","p: 831.758.8261","CA","316 N. Main Street"
"79","3166 Collins Dr.--158","3166 Collins Dr.",NA,"Merced, CA 95348","f: 209.723.0295","p: 209.723.7751","CA","3166 Collins Dr."
"80","320 El Cerrito Plaza--57","320 El Cerrito Plaza",NA,"El Cerrito, CA 94530","f: 510.527.9084","p: 510.527.5806","CA","320 El Cerrito Plaza"
"81","320 S. Garfield Ave.--1","320 S. Garfield Ave.","Suite 126","Alhambra, CA 91801","f: 626.281.1590","p: 626.798.0706","CA","320 S. Garfield Ave."
"82","3225 Timber Fall Court Suite B--69","3225 Timber Fall Court Suite B",NA,"Eureka, CA 95503","f: 707.441.1000","p: 707.442.5700","CA","3225 Timber Fall Court Suite B"
"83","340 Marina Way--234","340 Marina Way",NA,"Richmond, CA 94801","f: 510.232.6837","p: 510.232.1250","CA","340 Marina Way"
"84","347 W. Mission Avenue--65","347 W. Mission Avenue",NA,"Escondido, CA 92025","f: 619.291.0959","p: 888.743.7526","CA","347 W. Mission Avenue"
"85","3637 S. La Brea Ave--138","3637 S. La Brea Ave",NA,"Los Angeles, CA 90016","f: 213.284.3383","p: 800.576.5544","CA","3637 S. La Brea Ave"
"86","3715 Railroad Ave. Suite B--210","3715 Railroad Ave. Suite B",NA,"Pittsburg, CA 94565","f: 925.439.8974","p: 925.439.1237","CA","3715 Railroad Ave. Suite B"
"87","3772 Tibbetts--242","3772 Tibbetts",NA,"Riverside, CA 92506","f: ","p: 888.743.7526","CA","3772 Tibbetts"
"89","390 7th St.--98","390 7th St.",NA,"Hollister, CA 95023","f: 831.634.1395","p: 831.634.1880","CA","390 7th St."
"90","398 South Green Valley Road--446","398 South Green Valley Road",NA,"Watsonville, CA 95076","f: 831.724.7438","p: 831.724.7525","CA","398 South Green Valley Road"
"91","400 West 30th Street--142","400 West 30th Street",NA,"Los Angeles, CA 90007","f: 213.745.7247","p: 800.576.5544","CA","400 West 30th Street"
"92","415 E Chapel Street--376","415 E Chapel Street",NA,"Santa Maria, CA 93454","f: 805.928.7671","p: 888.898.3806","CA","415 E Chapel Street"
"93","430 Palora Ave. #G--462","430 Palora Ave. #G",NA,"Yuba City, CA 95991","f: 530-674-0941","p: 530-674-2603","CA","430 Palora Ave. #G"
"94","4305 University Avenue, #350--274","4305 University Avenue, #350",NA,"San Diego, CA 92105","f: 619.291.0959","p: 888.743.7526","CA","4305 University Avenue, #350"
"95","4501 Mission Bay Drive--305","4501 Mission Bay Drive","#1C&D","San Diego, CA 92109","f: 619.291.0959","p: 888.743.7526","CA","4501 Mission Bay Drive"
"96","4555 Precissi Lane --397","4555 Precissi Lane ",NA,"Stockton, CA 95207","f: 209.477.1065","p: 209.477.4103","CA","4555 Precissi Lane "
"97","4575 College Ave--278","4575 College Ave",NA,"San Diego, CA 92115","f: 619.291.0959","p: 888.743.7526","CA","4575 College Ave"
"98","4786 N. Peck Road, Ste. B--61","4786 N. Peck Road, Ste. B",NA,"El Monte, CA 91732","f: 626.246.1146","p: 800.576.5544","CA","4786 N. Peck Road, Ste. B"
"99","49-111 California 111 #6A--41","49-111 California 111 #6A",NA,"Coachella, CA 92236","f: 619.291.0959","p: 888.743.7526","CA","49-111 California 111 #6A"
"100","500 E. Almond Suite #1--150","500 E. Almond Suite #1",NA,"Madera, CA 93637","f: 559.675.0419","p: 559.675.1133","CA","500 E. Almond Suite #1"
"101","5068 Whittier Blvd.--130","5068 Whittier Blvd.",NA,"Los Angeles, CA 90022","f: 213.284.3370","p: 800.576.5544","CA","5068 Whittier Blvd."
"102","518 Garden Street--360","518 Garden Street",NA,"Santa Barbara, CA 93101","f: 805.963.6722","p: 888.898.3806","CA","518 Garden Street"
"103","520 Cottonwood Street Suite 10--458","520 Cottonwood Street Suite 10",NA,"Woodland, CA 95695","f: 530-662-4235","p: 530-662-4646","CA","520 Cottonwood Street Suite 10"
"104","533 E. Palmdale Boulevard, Ste. 533-A1--202","533 E. Palmdale Boulevard, Ste. 533-A1",NA,"Palmdale , CA 93550","f: 661.266.3216","p: 800.576.5544","CA","533 E. Palmdale Boulevard, Ste. 533-A1"
"105","5385 Franklin Blvd., Suite A-D--262","5385 Franklin Blvd., Suite A-D",NA,"Sacramento, CA 95820","f: 916-452-9753","p: 916-452-7305","CA","5385 Franklin Blvd., Suite A-D"
"106","5400 Ralston Street--430","5400 Ralston Street",NA,"Ventura, CA 93003","f: 805.644.1201","p: 888.898.3806","CA","5400 Ralston Street"
"107","5440 Thornwood Drive--322","5440 Thornwood Drive","Suite G","San Jose                    , CA 95123","f: 408.281.3678","p: 408.281.9777","CA","5440 Thornwood Drive"
"108","5519 E. Del Amo Blvd--106","5519 E. Del Amo Blvd",NA,"Lakewood, CA 90713","f: 213.284.3380","p: 800.576.5544","CA","5519 E. Del Amo Blvd"
"109","5525 E Del Amo Blvd.--102","5525 E Del Amo Blvd.",NA,"Lakewood, CA 90713","f: 213.284.3374","p: 800.576.5544","CA","5525 E Del Amo Blvd."
"110","5700 Watt Ave.--186","5700 Watt Ave.",NA,"North Highlands, CA 95660","f: 916.332.1849","p: 916.332.5715","CA","5700 Watt Ave."
"111","600 Nut Tree Road--417","600 Nut Tree Road","Suite 210","Vacaville, CA 95687","f: 707.317.2112","p: 707.317.2111","CA","600 Nut Tree Road"
"112","601 W 19th Street--49","601 W 19th Street",NA,"Costa Mesa, CA 92627","f: 949.548.9051","p: 714.922.4100","CA","601 W 19th Street"
"113","6095 N. 1st Street--77","6095 N. 1st Street",NA,"Fresno, CA 93710","f: 559.446.1273","p: 559.446.1515","CA","6095 N. 1st Street"
"114","625 Hilby Ave.--389","625 Hilby Ave.",NA,"Seaside, CA 93955","f: 831.394.1870","p: 831.394.1691","CA","625 Hilby Ave."
"115","650 N. Fulton Street--81","650 N. Fulton Street",NA,"Fresno, CA 93728","f: 559-488-4999","p: 559-488-4900","CA","650 N. Fulton Street"
"116","678 N Wilson Way #G--393","678 N Wilson Way #G",NA,"Stockton, CA 95205","f: 209-466-2083","p: 209-466-2081","CA","678 N Wilson Way #G"
"117","700 S. Tustin Street--198","700 S. Tustin Street",NA,"Orange, CA 92866","f: 714.633.4303","p: 714.922.4100","CA","700 S. Tustin Street"
"118","7100 Van Nuys Blvd. #108--426","7100 Van Nuys Blvd. #108",NA,"Van Nuys, CA 91405","f: 818.909.9886","p: 800.576.5544","CA","7100 Van Nuys Blvd. #108"
"119","71777 San Jacinto Drive, Suite 202--218","71777 San Jacinto Drive, Suite 202",NA,"Rancho Mirage, CA 92270","f: 619.291.0959","p: 888.743.7526","CA","71777 San Jacinto Drive, Suite 202"
"121","7200 Bancroft Ave.--190","7200 Bancroft Ave.",NA,"Oakland, CA 94605","f: 510.300.3850","p: 510.300.3800","CA","7200 Bancroft Ave."
"122","721 Cliff Drive--364","721 Cliff Drive",NA,"Santa Barbara, CA 93109","f: ","p: 805.963.5801","CA","721 Cliff Drive"
"123","729 Sunrise Ave. Suite 900--250","729 Sunrise Ave. Suite 900",NA,"Roseville, CA 95661","f: 916-781-2338","p: 916-781-3310","CA","729 Sunrise Ave. Suite 900"
"124","743 Pismo Street--340","743 Pismo Street",NA,"San Luis Obispo, CA 93401","f: 805.549.0749","p: 888.898.3806","CA","743 Pismo Street"
"125","7526 Clairemont Mesa Blvd.--296","7526 Clairemont Mesa Blvd.",NA,"San Diego, CA 92111","f: 619.291.0959","p: 888.743.7526","CA","7526 Clairemont Mesa Blvd."
"126","760 Renz Lane--85","760 Renz Lane",NA,"Gilroy, CA 95020","f: 408-847-5146","p: 408-847-1739","CA","760 Renz Lane"
"127","7655 Greenleaf Ave--454","7655 Greenleaf Ave",NA,"Whittier, CA 90602","f: 562.758.4387","p: 800.576.5544","CA","7655 Greenleaf Ave"
"128","800 S. College Drive--372","800 S. College Drive",NA,"Santa Maria, CA 93454","f: ","p: 805.928.5573","CA","800 S. College Drive"
"129","8520 So. Broadway--122","8520 So. Broadway",NA,"Los Angeles, CA 90003","f: 323.905.1995","p: 800.576.5544","CA","8520 So. Broadway"
"130","916 W Burbank Blvd. #M--17","916 W Burbank Blvd. #M",NA,"Burbank, CA 91506","f: 818.841.3820","p: 800.576.5544","CA","916 W Burbank Blvd. #M"
"131","918 W Foothill Blvd. #A--413","918 W Foothill Blvd. #A",NA,"Upland, CA 91786","f: 909.985.0351","p: 909.890.5511","CA","918 W Foothill Blvd. #A"
"132","965 E. Yosemite Avenue Suite #2--154","965 E. Yosemite Avenue Suite #2",NA,"Manteca, CA 95336","f: 209-239-8217","p: 209-239-2528","CA","965 E. Yosemite Avenue Suite #2"
"133","990 Broadway--422","990 Broadway",NA,"Vallejo, CA 94590","f: 707.643.1349","p: 707.643.4545","CA","990 Broadway"
"134","1104 B 11th Street--85","1104 B 11th Street","PO Box 772865","Steamboat Springs, CO 80477","f: 970.879.3039","p: 970.879.2212","CO","1104 B 11th Street"
"135","12543 N. Hwy 83, Unit 214--73","12543 N. Hwy 83, Unit 214",NA,"Parker, CO 80134","f: 720.851.5904","p: 720.851.6606","CO","12543 N. Hwy 83, Unit 214"
"136","1284 S. Abilene St--8","1284 S. Abilene St",NA,"Aurora, CO 80012","f: 303.671.7544","p: 303.671.7526","CO","1284 S. Abilene St"
"137","131 W County Line Rd--65","131 W County Line Rd",NA,"Littleton, CO 80129","f: 303.798.5069","p: 303.798.0963","CO","131 W County Line Rd"
"138","1400 S Wadsworth Blvd.--61","1400 S Wadsworth Blvd.",NA,"Lakewood, CO 80232","f: 303.980.5399","p: 303.988.3821","CO","1400 S Wadsworth Blvd."
"139","1560 12th Street #7--1","1560 12th Street #7",NA,"Alamosa, CO 81101","f: 719.589.4907","p: 719.589.4906","CO","1560 12th Street #7"
"140","195 S Main #8--69","195 S Main #8",NA,"Longmont, CO 80501","f: 303.772.4285","p: 303.772.3600","CO","195 S Main #8"
"141","20 West North Street--20","20 West North Street",NA,"Cortez, CO 81321","f: 970.565.3277","p: 970.565.7011","CO","20 West North Street"
"142","233 E. 2nd Ave--81","233 E. 2nd Ave",NA,"Salida, CO 81201","f: 719.539.4399","p: 719.539.7291","CO","233 E. 2nd Ave"
"143","236 Agate Ave.--52","236 Agate Ave.","PO Box 88","Granby, CO 80446","f: 970.887.3472","p: 970.887.2454","CO","236 Agate Ave."
"144","2525 Arapahoe Ave, Suite C-200--12","2525 Arapahoe Ave, Suite C-200",NA,"Boulder, CO 80302","f: 303.447.2882","p: 303.447.1040","CO","2525 Arapahoe Ave, Suite C-200"
"145","3480 Centennial Blvd.--16","3480 Centennial Blvd.",NA,"Colorado Springs, CO 80907","f: 719.475.2201","p: 719.475.7162","CO","3480 Centennial Blvd."
"146","3487B W 10th Street--57","3487B W 10th Street",NA,"Greeley, CO 80634","f: 970.352.0040","p: 970.352.4762","CO","3487B W 10th Street"
"147","46 Suttle St--36","46 Suttle St",NA,"Durango, CO 81303","f: 970.382.0328","p: 970.247.3002","CO","46 Suttle St"
"148","50923 Highway 6--48","50923 Highway 6",NA,"Glenwood Springs, CO 81601","f: 970.928.8779","p: 970.945.8631","CO","50923 Highway 6"
"149","6310 E Exposition Ave.--28","6310 E Exposition Ave.",NA,"Denver, CO 80224","f: 303.321.8768","p: 303.320.1630","CO","6310 E Exposition Ave."
"150","7155 E 38th Ave--32","7155 E 38th Ave",NA,"Denver, CO 80207","f: 303.321.0498","p: 303.321.2458","CO","7155 E 38th Ave"
"151","7853 N Wadsworth Blvd.--4","7853 N Wadsworth Blvd.",NA,"Arvada, CO 80003","f: 303.425.6101","p: 303.425.6624","CO","7853 N Wadsworth Blvd."
"152","825 South Shields St, Suites 4 - 7--40","825 South Shields St, Suites 4 - 7",NA,"Fort Collins, CO 80521","f: ","p: 970.493.0281","CO","825 South Shields St, Suites 4 - 7"
"154","921 E 14th Ave--24","921 E 14th Ave",NA,"Denver, CO 80218","f: 303.832.1410","p: 303.832.5069","CO","921 E 14th Ave"
"155","955 W Highway 50--77","955 W Highway 50",NA,"Pueblo, CO 81008","f: 719.545.2415","p: 719.545.0246","CO","955 W Highway 50"
"156","100 Grand Street--28","100 Grand Street","","New Britain, CT 06050","f: 203.639.5085","p: 203.238.0542","CT","100 Grand Street"
"157","1030 New Britain Ave--60","1030 New Britain Ave","","West Hartford, CT 06110","f: 860.947.2309","p: 860.953.6201","CT","1030 New Britain Ave"
"158","1039 E Main Street--48","1039 E Main Street","","Stamford, CT 06902","f: 203.975.4539","p: 203.327.2722","CT","1039 E Main Street"
"159","111 Hazard Ave.--12","111 Hazard Ave.","","Enfield, CT 06082","f: 860.741.6824","p: 860.741.2197","CT","111 Hazard Ave."
"160","12 Case Street--40","12 Case Street","","Norwich, CT 06360","f: 860.889.0867","p: 860.889.5211","CT","12 Case Street"
"161","1229 Albany Avenue--16","1229 Albany Avenue","","Hartford, CT 06112","f: 860.728.0234","p: 860.728.0203","CT","1229 Albany Avenue"
"162","1548 W Main Street--64","1548 W Main Street","","Willimantic, CT 06226","f: 860.423.8428","p: 860.423.8426","CT","1548 W Main Street"
"163","211 State Street--1","211 State Street","","Bridgeport, CT 06604","f: 203.394.6784","p: 203.366.0664","CT","211 State Street"
"164","249 Winsted Road--52","249 Winsted Road","","Torrington, CT 06790","f: 860.496.1754","p: 860.489.5500","CT","249 Winsted Road"
"165","26 Women's Way--24","26 Women's Way","","Meriden, CT 06451","f: 203.639.5085","p: 203.238.0542","CT","26 Women's Way"
"166","263 Main Street--44","263 Main Street","","Old Saybrook, CT 06475","f: 860.395.0190","p: 860.388.4459","CT","263 Main Street"
"167","319B Main Street--20","319B Main Street","","Manchester, CT 06040","f: 860.643.3599","p: 860.643.1607","CT","319B Main Street"
"168","345 Whitney Ave--32","345 Whitney Ave","","New Haven, CT 06511","f: 203.503.0454","p: 203.503.0450","CT","345 Whitney Ave"
"169","44 Main Street--4","44 Main Street","","Danbury, CT 06810","f: 203.790.4735","p: 203.743.2446","CT","44 Main Street"
"170","45 Franklin Street--36","45 Franklin Street","","New London, CT 06320","f: 860.447.3177","p: 860.443.5820","CT","45 Franklin Street"
"171","87 Westcott Road--8","87 Westcott Road","","Danielson, CT 06239","f: 860.774.3101","p: 860.774.0533","CT","87 Westcott Road"
"172","969 W Main Street--56","969 W Main Street","","Waterbury, CT 06708","f: 203.573.0315","p: 203.753.2119","CT","969 W Main Street"
"173","140 E Delaware Ave--4","140 E Delaware Ave","","Newark, DE 19711","f: 302.731.7805","p: 302.731.7801","DE","140 E Delaware Ave"
"174","625 N Shipley Street--8","625 N Shipley Street","","Wilmington, DE 19801","f: 302.254.4470","p: 302.655.7293","DE","625 N Shipley Street"
"175","805 S Governors Ave--1","805 S Governors Ave","","Dover, DE 19901","f: 302.678.5277","p: 302.678.5200","DE","805 S Governors Ave"
"176","10111 Forest Hill Blvd, Suite 340--80","10111 Forest Hill Blvd, Suite 340",NA,"Wellington, FL 33414","f: 561.721.3474","p: 561.296.4919","FL","10111 Forest Hill Blvd, Suite 340"
"177","1105 53rd Avenue East, Suite 201--5","1105 53rd Avenue East, Suite 201",NA,"Bradenton, FL 34203","f: 941.753.3804","p: 941.567.3800","FL","1105 53rd Avenue East, Suite 201"
"178","11440 SW 88th Street, Suite 109--38","11440 SW 88th Street, Suite 109",NA,"Miami, FL 33176","f: 786.263.0004","p: 786.263.0001","FL","11440 SW 88th Street, Suite 109"
"179","11500 University Blvd--50","11500 University Blvd","Suite B","Orlando, FL 32817","f: 321.235.6125","p: 321.235.5513","FL","11500 University Blvd"
"180","1322 NW Federal Hwy., Emerald Plaza--67","1322 NW Federal Hwy., Emerald Plaza",NA,"Stuart, FL 34994","f: 772.692.1555","p: 772.692.2023","FL","1322 NW Federal Hwy., Emerald Plaza"
"181","1425 Creech Road--42","1425 Creech Road",NA,"Naples, FL 34103","f: 239.262.7658","p: 239.262.0301","FL","1425 Creech Road"
"182","2121 W Pensacola Street--71","2121 W Pensacola Street","STE B-2","Tallahassee, FL 32304","f: 850.575.4335","p: 850.574.7455","FL","2121 W Pensacola Street"
"183","2250 E Edgewood Drive--30","2250 E Edgewood Drive",NA,"Lakeland, FL 33803","f: 863.665.4422","p: 863.665.5735","FL","2250 E Edgewood Drive"
"184","263 North University Drive--55","263 North University Drive",NA,"Pembroke Pines, FL 33024","f: 954.989.2371","p: 954.989.5747","FL","263 North University Drive"
"185","3119A Coral Way--34","3119A Coral Way",NA,"Miami, FL 33145","f: 305.285.6956","p: 305.285.5535","FL","3119A Coral Way"
"186","419 N First Street--17","419 N First Street","Office inside Health Department","Immokalee, FL 34142","f: 239.262.7658","p: 239.262.0301","FL","419 N First Street"
"187","5978 Powers Avenue--22","5978 Powers Avenue",NA,"Jacksonville, FL 32217","f: 904.399.2333","p: 904.399.2800","FL","5978 Powers Avenue"
"188","610 Oak Commons Blvd.--26","610 Oak Commons Blvd.",NA,"Kissimmee, FL 34741","f: 407.518.0690","p: 407.246.1788","FL","610 Oak Commons Blvd."
"189","726 South Tampa Ave--46","726 South Tampa Ave",NA,"Orlando, FL 32805","f: 407.246.8466","p: 407.246.1788","FL","726 South Tampa Ave"
"190","736 Central Avenue--59","736 Central Avenue",NA,"Sarasota, FL 34236","f: 941.366.1899","p: 941.953.4060","FL","736 Central Avenue"
"191","8068 North 56th Street--76","8068 North 56th Street",NA,"Tampa, FL 33617","f: 813.341.1111","p: 813.980.3555","FL","8068 North 56th Street"
"192","8177 Glades Rd.--1","8177 Glades Rd.","Bay 25","Boca Raton, FL 33434","f: 561.939.1344","p: 561.226.4116","FL","8177 Glades Rd."
"193","8595 College Parkway, Suite 250--9","8595 College Parkway, Suite 250",NA,"Ft. Myers, FL 33919","f: 239.481.9346","p: 239.481.9999","FL","8595 College Parkway, Suite 250"
"194","8950 Dr. Martin Luther King Jr. Street North, Suite 102--63","8950 Dr. Martin Luther King Jr. Street North, Suite 102",NA,"St. Petersburg, FL 33702","f: 727.898.9710","p: 727.898.8199","FL","8950 Dr. Martin Luther King Jr. Street North, Suite 102"
"195","908 Havendale Blvd--88","908 Havendale Blvd",NA,"Winter Haven, FL 33881","f: 863.299.3485","p: 863.293.7494","FL","908 Havendale Blvd"
"196","914 NW 13th Street--13","914 NW 13th Street",NA,"Gainesville, FL 32601","f: 352.374.6823","p: 352.377.0881","FL","914 NW 13th Street"
"197","931 Village Blvd. Suite 904--84","931 Village Blvd. Suite 904",NA,"West Palm Beach, FL 33409","f: 561.683.9823","p: 561.683.0302","FL","931 Village Blvd. Suite 904"
"198","1289 Broad Street--4","1289 Broad Street",NA,"Augusta, GA 30901","f: 706.724.5293","p: 706.724.5557","GA","1289 Broad Street"
"199","220 Cobb Parkway North, Suite 500--13","220 Cobb Parkway North, Suite 500",NA,"Marietta, GA 30062","f: 770.424.0518","p: 404.688.9300","GA","220 Cobb Parkway North, Suite 500"
"200","44B Lee Boulevard--17","44B Lee Boulevard",NA,"Savannah, GA 31405","f: 912.352.0951","p: 912.351.0116","GA","44B Lee Boulevard"
"201","75 Piedmont Ave. NE, Suite 800--1","75 Piedmont Ave. NE, Suite 800",NA,"Atlanta, GA 30303","f: 678.733.8524","p: 404.688.9300","GA","75 Piedmont Ave. NE, Suite 800"
"202","798 Lawrenceville Suwannee Road--8","798 Lawrenceville Suwannee Road","Suite 300, Cross Creek Village","Lawrenceville, GA 30043","f: 678.985.8093","p: 404.688.9300","GA","798 Lawrenceville Suwannee Road"
"203","1350 S. King Street, Suite 310--1","1350 S. King Street, Suite 310","","Honolulu, HI 96814","f: 808.589.1160","p: 808.589.1149","HI","1350 S. King Street, Suite 310"
"204","140 Hoohana Street, Suite 303--4","140 Hoohana Street, Suite 303","","Kahului, HI 96732","f: 808.871.1131","p: 808.871.1176","HI","140 Hoohana Street, Suite 303"
"205","1000 E. Army Post Road--28","1000 E. Army Post Road","","Des Moines, IA 50315","f: 515.287.0204","p: 877.811.7526","IA","1000 E. Army Post Road"
"206","10534 New York Ave--52","10534 New York Ave","","Urbandale, IA 50322","f: 515.276.9531","p: 877.811.7526","IA","10534 New York Ave"
"207","1604 2nd Ave--20","1604 2nd Ave","","Council Bluffs, IA 51501","f: 712.322.7985","p: 877.811.7526","IA","1604 2nd Ave"
"208","1626 Morgan St--44","1626 Morgan St","","Keokuk, IA 52632","f: 319.524.2294","p: 877.811.7526","IA","1626 Morgan St"
"209","2304 University Avenue--32","2304 University Avenue","","Des Moines, IA 50311","f: 515.284.0149","p: 877.811.7526","IA","2304 University Avenue"
"210","2520 Melrose Drive, Suite L--12","2520 Melrose Drive, Suite L","","Cedar Falls, IA 50613","f: 319.277.8810","p: 877.811.7526","IA","2520 Melrose Drive, Suite L"
"211","2530 Chamberlain Street--1","2530 Chamberlain Street","","Ames, IA 50014","f: 515.292.5340","p: 877.811.7526","IA","2530 Chamberlain Street"
"212","2751 Tech Drive--4","2751 Tech Drive","","Bettendorf, IA 52722","f: 563.449.1001","p: 877.811.7526","IA","2751 Tech Drive"
"213","3365 Hillcrest Rd.--36","3365 Hillcrest Rd.","","Dubuque, IA 52002","f: 563.583.1396","p: 877.811.7526","IA","3365 Hillcrest Rd."
"214","3425 First Ave SE, Suite 100--16","3425 First Ave SE, Suite 100","","Cedar Rapids, IA 52402","f: ","p: 877.811.7526","IA","3425 First Ave SE, Suite 100"
"215","4409 Stone Avenue--48","4409 Stone Avenue","","Sioux City, IA 51106","f: 712.276.0910","p: 877.811.7526","IA","4409 Stone Avenue"
"216","620 N. 8th Street--8","620 N. 8th Street","","Burlington, IA 52601","f: 319.753.0181","p: 877.811.7526","IA","620 N. 8th Street"
"217","818 5th Ave--24","818 5th Ave","","Des Moines, IA 50309","f: ","p: 515.362.8000","IA","818 5th Ave"
"218","850 Orchard Street--40","850 Orchard Street","","Iowa City, IA 52246","f: 319.354.4504","p: 877.811.7526","IA","850 Orchard Street"
"219","200 Second Ave N.--8","200 Second Ave N.","","Twin Falls, ID 83301","f: 208.734.9966","p: 800.769.0045","ID","200 Second Ave N."
"220","2112 East Franklin Road--4","2112 East Franklin Road","","Meridian, ID 83642","f: ","p: 800.769.0045","ID","2112 East Franklin Road"
"221","3668 N. Harbor Lane--1","3668 N. Harbor Lane","","Boise, ID 83703","f: 208.376.9444","p: 800.769.0045","ID","3668 N. Harbor Lane"
"222","1000 E Washington St.--71","1000 E Washington St.",NA,"Springfield, IL 62703","f: 217.544.2746","p: 217.544.2744","IL","1000 E Washington St."
"223","11250 S Halsted St.--38","11250 S Halsted St.",NA,"Chicago, IL 60628","f: 773.468.2941","p: 773.468.1600","IL","11250 S Halsted St."
"224","1152 N Milwaukee Ave--42","1152 N Milwaukee Ave",NA,"Chicago, IL 60642","f: 773.252.2267","p: 773.252.2240","IL","1152 N Milwaukee Ave"
"225","1200 N LaSalle Street--30","1200 N LaSalle Street",NA,"Chicago, IL 60610","f: 312.266.8797","p: 312.266.1033","IL","1200 N LaSalle Street"
"226","1319 N. Veterans Parkway--8","1319 N. Veterans Parkway","Suite 3-A","Bloomington, IL 61704","f: 309.828.6626","p: 309.827.4014","IL","1319 N. Veterans Parkway"
"227","14470 S. LaGrange Rd.--54","14470 S. LaGrange Rd.","Suite 101","Orland Park, IL 60462","f: 708.349.5824","p: 708.349.2227","IL","14470 S. LaGrange Rd."
"228","18 S. Michigan Avenue--25","18 S. Michigan Avenue","6th Floor","Chicago, IL 60603","f: 312.592.6701","p: 312.592.6700","IL","18 S. Michigan Avenue"
"229","302 E Stoughton St.--13","302 E Stoughton St.",NA,"Champaign, IL 61820","f: 217.359.9625","p: 217.359.8022","IL","302 E Stoughton St."
"230","3021 N Oakland Ave--46","3021 N Oakland Ave",NA,"Decatur, IL 62526","f: 217.877.9452","p: 217.877.6474","IL","3021 N Oakland Ave"
"231","3051 E. New York St.--1","3051 E. New York St.",NA,"Aurora, IL 60504","f: 630.585.5588","p: 630.585.0500","IL","3051 E. New York St."
"232","328 South Fourth Street--63","328 South Fourth Street",NA,"Pekin, IL 61554","f: 309.347.6283","p: 309.347.1274","IL","328 South Fourth Street"
"233","415 West Virginia Avenue--50","415 West Virginia Avenue",NA,"Effingham, IL 62401","f: 217.342.7408","p: 217.347.7920","IL","415 West Virginia Avenue"
"234","5937 W Chicago Ave.--17","5937 W Chicago Ave.",NA,"Chicago, IL 60651","f: 773.287.2917","p: 773.287.2020","IL","5937 W Chicago Ave."
"235","6059 S. Ashland Ave.--21","6059 S. Ashland Ave.",NA,"Chicago, IL 60636","f: 773.434.0396","p: 773.434.3700","IL","6059 S. Ashland Ave."
"236","612 Court Street--59","612 Court Street",NA,"Ottawa, IL 61350","f: 815.433.9434","p: 815.433.4111","IL","612 Court Street"
"237","6353 N Broadway--34","6353 N Broadway",NA,"Chicago, IL 60660","f: 773.262.5353","p: 773.973.3393","IL","6353 N Broadway"
"238","705 NE Jefferson Street--67","705 NE Jefferson Street",NA,"Peoria, IL 61603","f: 309.673.6914","p: 309.673.6911","IL","705 NE Jefferson Street"
"239","Lakeland Square, 4529 North Illinois St.--4","Lakeland Square, 4529 North Illinois St.",NA,"Belleville, IL 62226","f: 618.234.5230","p: 618.277.6668","IL","Lakeland Square, 4529 North Illinois St."
"240","1124 Broadway--32","1124 Broadway",NA,"Gary, IN 46407","f: 219.886.0216","p: 219.886.0370","IN","1124 Broadway"
"241","125 N Weinbach #120--20","125 N Weinbach #120",NA,"Evansville, IN 47711","f: 812.473.4992","p: 812.473.4990","IN","125 N Weinbach #120"
"242","2424 Franklin Street--64","2424 Franklin Street","Suite #101","Michigan City, IN 46360","f: 219.872.7216","p: 219.872.7215","IN","2424 Franklin Street"
"243","2708 Paoli Pike Pl., Suite J--77","2708 Paoli Pike Pl., Suite J",NA,"New Albany, IN 47150","f: 812.944.3237","p: 812.945.4844","IN","2708 Paoli Pike Pl., Suite J"
"244","2803 Boilermaker Court, #1-F--89","2803 Boilermaker Court, #1-F",NA,"Valparaiso, IN 46383","f: 219.464.8519","p: 219.462.5976","IN","2803 Boilermaker Court, #1-F"
"245","30 South Third Street--85","30 South Third Street",NA,"Terre Haute, IN 47807","f: 812.235.7076","p: 812.238.2636","IN","30 South Third Street"
"246","3005 Grape Rd., Ste. B--69","3005 Grape Rd., Ste. B",NA,"Mishawaka, IN 46545","f: 574.259.5761","p: 574.255.9555","IN","3005 Grape Rd., Ste. B"
"247","3200 Sycamore Court #2C--8","3200 Sycamore Court #2C",NA,"Columbus, IN 47203","f: 812.372.4185","p: 812.376.3045","IN","3200 Sycamore Court #2C"
"248","3550 W Fox Ridge Lane--73","3550 W Fox Ridge Lane",NA,"Muncie, IN 47304","f: 765.286.3703","p: 765.282.8011","IN","3550 W Fox Ridge Lane"
"249","357 Tanger Blvd #302--81","357 Tanger Blvd #302",NA,"Seymour, IN 47274","f: 812.524.0598","p: 812.522.8789","IN","357 Tanger Blvd #302"
"250","3750 N Meridian St., #100--48","3750 N Meridian St., #100",NA,"Indianapolis, IN 46208","f: 317.927.3664","p: 317.925.6747","IN","3750 N Meridian St., #100"
"251","3914 West Jefferson Blvd--28","3914 West Jefferson Blvd",NA,"Fort Wayne, IN 46804","f: 260.423.2692","p: 260.423.1322","IN","3914 West Jefferson Blvd"
"252","3931 Main Street--12","3931 Main Street",NA,"East Chicago, IN 46312","f: 219.397.2051","p: 219.397.4071","IN","3931 Main Street"
"253","421 S College Ave--4","421 S College Ave",NA,"Bloomington, IN 47403","f: 812.330.7352","p: 812.336.0219","IN","421 S College Ave"
"254","505 S. 3rd Street, Ste. 160--16","505 S. 3rd Street, Ste. 160",NA,"Elkhart, IN 46516","f: 574.293.5479","p: 574.294.7561","IN","505 S. 3rd Street, Ste. 160"
"255","7131 Indianapolis Blvd.--36","7131 Indianapolis Blvd.",NA,"Hammond, IN 46324","f: 219.845.5937","p: 219.845.0848","IN","7131 Indianapolis Blvd."
"256","8102 Kingston St. #100--1","8102 Kingston St. #100",NA,"Avon, IN 46123","f: 317.272.0601","p: 317.272.2042","IN","8102 Kingston St. #100"
"257","8590 Georgetown Road--44","8590 Georgetown Road",NA,"Indianapolis, IN 46268","f: 317.872.3188","p: 317.872.3115","IN","8590 Georgetown Road"
"258","8645 Connecticut Street--60","8645 Connecticut Street",NA,"Merrillville, IN 46410","f: 219.791.0538","p: 219.769.3500","IN","8645 Connecticut Street"
"259","8937 Technology Dr.--24","8937 Technology Dr.",NA,"Fishers, IN 46038","f: 317.841.0523","p: 317.849.9304","IN","8937 Technology Dr."
"260","935 E Hanna Ave Suite A--52","935 E Hanna Ave Suite A",NA,"Indianapolis, IN 46227","f: 317.780.0860","p: 317.788.0396","IN","935 E Hanna Ave Suite A"
"261","9385 E Washington Street--40","9385 E Washington Street",NA,"Indianapolis, IN 46229","f: 317.895.0653","p: 317.899.4731","IN","9385 E Washington Street"
"262","964 Mezzanine Dr.--56","964 Mezzanine Dr.",NA,"Lafayette, IN 47905","f: 765.446.8160","p: 765.446.8078","IN","964 Mezzanine Dr."
"263","2226 E Central--4","2226 E Central","","Wichita, KS 67214","f: 316.263.4942","p: 316.263.7575","KS","2226 E Central"
"264","4401 W 109th Street #100--1","4401 W 109th Street #100","","Overland Park, KS 66211","f: 913.345.2820","p: 913.345.1400","KS","4401 W 109th Street #100"
"265","1025 S 2nd Street--5","1025 S 2nd Street",NA,"Louisville, KY 40203","f: 502.584.2476","p: 502.584.2473","KY","1025 S 2nd Street"
"266","268 Southland Drive--1","268 Southland Drive","Suite 120","Lexington, KY 40503","f: 859.252.5955","p: 859.252.8494","KY","268 Southland Drive"
"267","3955 Government Street, Ste. 2--1","3955 Government Street, Ste. 2","","Baton Rouge, LA 70806","f: 404.494.7435","p: 225.387.1167","LA","3955 Government Street, Ste. 2"
"268","4018 Magazine Street--4","4018 Magazine Street","","New Orleans, LA 70115","f: 404.494.7435","p: 504.897.9200","LA","4018 Magazine Street"
"269","1055 Commonwealth Avenue--1","1055 Commonwealth Avenue",NA,"Boston, MA 02215","f: 617.616.1617","p: 800.258.4448","MA","1055 Commonwealth Avenue"
"270","208 Main Street--13","208 Main Street","Suite #101","Milford, MA 01757","f: 508.970.1119","p: 800.258.4448","MA","208 Main Street"
"271","260 Elm Street, Suite 109--18","260 Elm Street, Suite 109","Davis Square Plaza","Somerville, MA 02144","f: 617.623.0085","p: 800.258.4448","MA","260 Elm Street, Suite 109"
"272","3550 Main Street, Suite 201--23","3550 Main Street, Suite 201",NA,"Springfield, MA 01107","f: 413.739.5812","p: 800.258.4448","MA","3550 Main Street, Suite 201"
"273","391 Main Street--4","391 Main Street",NA,"Fitchburg, MA 01420","f: 508.970.1119","p: 800.258.4448","MA","391 Main Street"
"274","470 Pleasant Street --27","470 Pleasant Street ",NA,"Worcester, MA 01609","f: 508.854.3310","p: 800.258.4448","MA","470 Pleasant Street "
"275","91 Main Street--8","91 Main Street","Suite 103","Marlborough, MA 01752","f: 508.970.1119","p: 800.258.4448","MA","91 Main Street"
"276","1400 Spring Street #450--31","1400 Spring Street #450",NA,"Silver Spring, MD 20910","f: 301.608.0098","p: 301.608.3448","MD","1400 Spring Street #450"
"277","1506 South Salisbury Blvd.--26","1506 South Salisbury Blvd.","Court Plaza Shopping Center","Salisbury, MD 21801","f: 410.860.2549","p: 410.576.1414","MD","1506 South Salisbury Blvd."
"278","170 Thomas Johnson Drive--12","170 Thomas Johnson Drive","Suite 100","Frederick, MD 21702","f: 301.620.9442","p: 410.576.1414","MD","170 Thomas Johnson Drive"
"279","1714 Joan Ave--35","1714 Joan Ave","Loch Ridge Shopping Center","Towson, MD 21234","f: 410.665.6524","p: 410.576.1414","MD","1714 Joan Ave"
"280","19650 Clubhouse Road #104--17","19650 Clubhouse Road #104",NA,"Gaithersburg, MD 20879","f: 301.208.8699","p: 301.208.1300","MD","19650 Clubhouse Road #104"
"281","330 North Howard Street--4","330 North Howard Street",NA,"Baltimore, MD 21201","f: 410.783.2647","p: 410.576.1414","MD","330 North Howard Street"
"282","3975 St. Charles Parkway--40","3975 St. Charles Parkway","Gateway Plaza E-3 & E-4","Waldorf, MD 20602","f: 301.645.8696","p: 410.576.1414","MD","3975 St. Charles Parkway"
"283","8579 Commerce Drive #102--8","8579 Commerce Drive #102",NA,"Easton, MD 21601","f: 410.820.9674","p: 410.576.1414","MD","8579 Commerce Drive #102"
"284","9129 Reisterstown Road--21","9129 Reisterstown Road","Valley Village Shopping Center","Owings Mills, MD 21117","f: 410.581.9105","p: 410.576.1414","MD","9129 Reisterstown Road"
"285","929 West Street #305--1","929 West Street #305",NA,"Annapolis, MD 21401","f: 410.267.9147","p: 410.576.1414","MD","929 West Street #305"
"286","281 Main Street--1","281 Main Street",NA,"Biddeford, ME 04005","f: 207.283.4408","p: 207.282.6620","ME","281 Main Street"
"287","4 Bowdoin Mill Island--13","4 Bowdoin Mill Island","Cleveland House, Suite 101","Topsham, ME 04086","f: 207.729.6117","p: 207.725.8264","ME","4 Bowdoin Mill Island"
"288","443 Congress Street--4","443 Congress Street","2nd Floor","Portland, ME 04101","f: 207.773.1697","p: 207.797.8881","ME","443 Congress Street"
"289","886 Main Street, Ste. 302 --9","886 Main Street, Ste. 302 ",NA,"Sanford, ME 04073","f: 207.324.2818","p: 207.324.9385","ME","886 Main Street, Ste. 302 "
"290","1003 Spring St.--65","1003 Spring St.",NA,"Petoskey, MI 49770","f: 231.348.1908","p: 231.347.9692","MI","1003 Spring St."
"291","110 Sanborn Ave., Suite B--12","110 Sanborn Ave., Suite B",NA,"Big Rapids, MI 49307","f: 231.796.6305","p: 231.796.8612","MI","110 Sanborn Ave., Suite B"
"292","1135 E. Eighth St.--74","1135 E. Eighth St.",NA,"Traverse City, MI 49686","f: 231.929.2084","p: 231.929.1844","MI","1135 E. Eighth St."
"293","1161 East Napier Ave.--8","1161 East Napier Ave.",NA,"Benton Harbor, MI 49022","f: 269.926.2530","p: 269.926.2042","MI","1161 East Napier Ave."
"294","1219 N. Third St.--57","1219 N. Third St.",NA,"Marquette, MI 49855","f: 906.225.5074","p: 906.225.5070","MI","1219 N. Third St."
"295","2009 W. Michigan Ave.--41","2009 W. Michigan Ave.",NA,"Jackson, MI 49202","f: 517.784.2441","p: 517.784.1700","MI","2009 W. Michigan Ave."
"296","209 E. Apple Ave.--61","209 E. Apple Ave.",NA,"Muskegon, MI 49442","f: 231.724.3115","p: 231.724.4415","MI","209 E. Apple Ave."
"297","23338 Woodward Ave.--29","23338 Woodward Ave.",NA,"Ferndale, MI 48220","f: 248.399.5959","p: 248.399.5900","MI","23338 Woodward Ave."
"298","2370 W. Stadium Blvd.--4","2370 W. Stadium Blvd.",NA,"Ann Arbor, MI 48103","f: 734.929.9482","p: 734.929.9480","MI","2370 W. Stadium Blvd."
"299","2650 N. McLeod Drive--69","2650 N. McLeod Drive","PO Box 5877","Saginaw, MI 48604","f: 989.249.8616","p: 989.249.7736","MI","2650 N. McLeod Drive"
"300","29350 Van Dyke Ave.--78","29350 Van Dyke Ave.",NA,"Warren, MI 48093","f: 586.558.0003","p: 586.558.0101","MI","29350 Van Dyke Ave."
"301","300 N. Clippert, Ste. 6--49","300 N. Clippert, Ste. 6",NA,"Lansing, MI 48912","f: 517.351.6608","p: 517.351.0550","MI","300 N. Clippert, Ste. 6"
"302","3100 Professional Drive--1","3100 Professional Drive",NA,"Ann Arbor, MI 48104","f: 734.973.2428","p: 734.973.0710","MI","3100 Professional Drive"
"303","3641 Byron Center Ave. SW--82","3641 Byron Center Ave. SW",NA,"Wyoming, MI 49519","f: 616.531.2685","p: 616.531.3070","MI","3641 Byron Center Ave. SW"
"304","37625 Ann Arbor Road #107--53","37625 Ann Arbor Road #107",NA,"Livonia, MI 48150","f: 734.591.9910","p: 734.591.6544","MI","37625 Ann Arbor Road #107"
"305","4201 W Michigan Ave--45","4201 W Michigan Ave",NA,"Kalamazoo, MI 49006","f: 269.372.1279","p: 269.372.1200","MI","4201 W Michigan Ave"
"306","4229 Cass Ave.--25","4229 Cass Ave.",NA,"Detroit, MI 48201","f: 313.831.4699","p: 313.831.7776","MI","4229 Cass Ave."
"307","425 Cherry St. SE--37","425 Cherry St. SE",NA,"Grand Rapids, MI 49503","f: 616.224.8754","p: 616.459.3101","MI","425 Cherry St. SE"
"308","7900 Grand River Avenue--16","7900 Grand River Avenue",NA,"Brighton, MI 48114","f: 810.220.4581","p: 810.220.4513","MI","7900 Grand River Avenue"
"309","G-1235 S. Center Road--20","G-1235 S. Center Road","Unit 17","Burton, MI 48509","f: 810.600.0053","p: 810.743.4490","MI","G-1235 S. Center Road"
"310","G-3371 Beecher Road--33","G-3371 Beecher Road",NA,"Flint, MI 48532","f: 810.234.5206","p: 810.238.3631","MI","G-3371 Beecher Road"
"311","1001 East Central Entrance, Suite 200--16","1001 East Central Entrance, Suite 200","","Duluth, MN 55811","f: 218.720.6619","p: 218.722.0833","MN","1001 East Central Entrance, Suite 200"
"312","1103 Broadway, Suite 110--1","1103 Broadway, Suite 110","","Alexandria, MN 56308","f: 320.762.8418","p: 320.762.0766","MN","1103 Broadway, Suite 110"
"313","1200 Lagoon Avenue--32","1200 Lagoon Avenue","","Minneapolis, MN 55408","f: 612.821.0273","p: 612.823.6300","MN","1200 Lagoon Avenue"
"314","1212 7th St. NW--44","1212 7th St. NW","","Rochester, MN 55901","f: 507.288.3576","p: 507.288.5186","MN","1212 7th St. NW"
"315","1404 NW 4th Street--24","1404 NW 4th Street","","Grand Rapids, MN 55744","f: 218.327.7988","p: 218.326.6689","MN","1404 NW 4th Street"
"316","15322 Galaxie Avenue, Suite 105--4","15322 Galaxie Avenue, Suite 105","","Apple Valley, MN 55124","f: 952.894.7669","p: 952.890.0940","MN","15322 Galaxie Avenue, Suite 105"
"317","1700-L Rice Street--52","1700-L Rice Street","","St. Paul, MN 55113","f: 651.489.4127","p: 651.489.1328","MN","1700-L Rice Street"
"318","1795 Radio Drive,  Suite D--68","1795 Radio Drive,  Suite D","","Woodbury, MN 55125","f: 651.696.5551","p: 651.696.5550","MN","1795 Radio Drive,  Suite D"
"319","201 North Victory Drive, Suite 211, Belle Mar Mall--28","201 North Victory Drive, Suite 211, Belle Mar Mall","","Mankato, MN 56001","f: 507.387.1225","p: 507.387.5581","MN","201 North Victory Drive, Suite 211, Belle Mar Mall"
"320","2320 E. Highway 12, Suite 6--64","2320 E. Highway 12, Suite 6","","Willmar, MN 56201","f: 320.235.9151","p: 320.235.9150","MN","2320 E. Highway 12, Suite 6"
"321","2504 Hannah Ave NW--8","2504 Hannah Ave NW","","Bemidji, MN 56601","f: 218.751.8685","p: 218.751.8683","MN","2504 Hannah Ave NW"
"322","451 E. St. Germain St, Suite 100--48","451 E. St. Germain St, Suite 100","","St. Cloud, MN 56304","f: 320.252.4710","p: 320.252.9504","MN","451 E. St. Germain St, Suite 100"
"323","505 12th Avenue West--60","505 12th Avenue West","","Virginia, MN 55792","f: 218.741.8193","p: 218.741.8192","MN","505 12th Avenue West"
"324","582 Prairie Center Dr., Suite 215--20","582 Prairie Center Dr., Suite 215","","Eden Prairie, MN 55344","f: 952.653.4498","p: 952.653.4499","MN","582 Prairie Center Dr., Suite 215"
"325","6527 Lyndale Avenue South--40","6527 Lyndale Avenue South","","Richfield, MN 55423","f: 612.874.7596","p: 612.874.1420","MN","6527 Lyndale Avenue South"
"326","671 Vandalia St.--56","671 Vandalia St.","","St. Paul, MN 55114","f: 651.696.5544","p: 651.698.2406","MN","671 Vandalia St."
"327","6900 78th Ave N., Suite 103--12","6900 78th Ave N., Suite 103","","Brooklyn Park, MN 55445","f: 763.560.0743","p: 763.560.3050","MN","6900 78th Ave N., Suite 103"
"328","803 Belsly Boulevard--36","803 Belsly Boulevard","","Moorhead, MN 56560","f: 218.236.7436","p: 218.236.7145","MN","803 Belsly Boulevard"
"329","#1 Stonegate Center--29","#1 Stonegate Center",NA,"Manchester, MO 63088","f: 636.431.0035","p: 636.431.0030","MO","#1 Stonegate Center"
"330","1001 Emanuel Cleaver II Blvd.--25","1001 Emanuel Cleaver II Blvd.",NA,"Kansas City, MO 64110","f: 816.756.0611","p: 816.756.2277","MO","1001 Emanuel Cleaver II Blvd."
"331","11902 Blue Ridge Suite #T--8","11902 Blue Ridge Suite #T",NA,"Grandview, MO 64030","f: 816.767.8995","p: 816.763.2125","MO","11902 Blue Ridge Suite #T"
"332","208 Mid Rivers Mall Center Dr.--49","208 Mid Rivers Mall Center Dr.",NA,"St. Peters, MO 63376","f: 636.279.2236","p: 636.279.3339","MO","208 Mid Rivers Mall Center Dr."
"333","3401 South Grand--45","3401 South Grand",NA,"St. Louis, MO 63118","f: 314.865.0535","p: 314.865.1850","MO","3401 South Grand"
"334","4112 NE Vivion Road--21","4112 NE Vivion Road",NA,"Kansas City, MO 64119","f: 816.453.2256","p: 816.453.6000","MO","4112 NE Vivion Road"
"335","4251 Forest Park Avenue--37","4251 Forest Park Avenue",NA,"St. Louis, MO 63108","f: 314.533.1586","p: 314.531.7526","MO","4251 Forest Park Avenue"
"337","607A Burkarth--53","607A Burkarth",NA,"Warrensburg, MO 64093","f: 660.747.6561","p: 660.747.6186","MO","607A Burkarth"
"338","626 E Battlefield St.--33","626 E Battlefield St.",NA,"Springfield, MO 65807","f: 417.883.3994","p: 417.883.3800","MO","626 E Battlefield St."
"339","710 Illinois Ave--17","710 Illinois Ave",NA,"Joplin, MO 64801","f: 417.781.3660","p: 417.781.6500","MO","710 Illinois Ave"
"340","711 N Providence Road--1","711 N Providence Road",NA,"Columbia, MO 65203","f: 573.443.5671","p: 573.443.0427","MO","711 N Providence Road"
"341","815 N Noland Road--12","815 N Noland Road","Suite #6","Independence, MO 64050","f: 816.252.1014","p: 816.252.3800","MO","815 N Noland Road"
"342","Surrey Plaza II, 2796-98 North Hwy 67--4","Surrey Plaza II, 2796-98 North Hwy 67",NA,"Florissant, MO 63033","f: 314.921.5165","p: 314.921.4445","MO","Surrey Plaza II, 2796-98 North Hwy 67"
"343","214 South 27th Avenue--1","214 South 27th Avenue","","Hattiesburg, MS 39401","f: 601.268.1222","p: 251.342.6695","MS","214 South 27th Avenue"
"344","100 West Wicks Lane--1","100 West Wicks Lane","","Billings, MT 59105","f: 406.294.8643","p: 406.869.5040","MT","100 West Wicks Lane"
"345","1500 Cannon--12","1500 Cannon","","Helena, MT 59601","f: 406.457.2381","p: 406.443.7676","MT","1500 Cannon"
"346","1844 Broadwater #4--4","1844 Broadwater #4","","Billings, MT 59102","f: 406.656.9928","p: 406.656.9980","MT","1844 Broadwater #4"
"347","211 9th Street South--8","211 9th Street South","","Great Falls, MT 59405","f: 406.454.3433","p: 406.454.3431","MT","211 9th Street South"
"348","219 East Main Street--16","219 East Main Street","","Missoula, MT 59802","f: 406.728.5497","p: 406.728.5490","MT","219 East Main Street"
"349","100 S Boylan Ave.--25","100 S Boylan Ave.",NA,"Raleigh, NC 27603","f: 919.832.9061","p: 919.833.7526","NC","100 S Boylan Ave."
"350","105 Newsom Street, Ste. 101--13","105 Newsom Street, Ste. 101",NA,"Durham, NC 27704","f: 919.433.0360","p: 919.286.2872","NC","105 Newsom Street, Ste. 101"
"351","1704 Battleground Ave--21","1704 Battleground Ave",NA,"Greensboro, NC 27408","f: 336.275.3127","p: 336.373.0678","NC","1704 Battleground Ave"
"352","1765 Dobbins Drive--4","1765 Dobbins Drive","PO Box 3258","Chapel Hill, NC 27514","f: 919.933.5270","p: 919.942.7762","NC","1765 Dobbins Drive"
"353","1921 & 1925 Tradd Court--29","1921 & 1925 Tradd Court",NA,"Wilmington, NC 28401","f: 910.762.4088","p: 910.762.5566","NC","1921 & 1925 Tradd Court"
"354","3000 Maplewood Ave, Ste. 112--33","3000 Maplewood Ave, Ste. 112",NA,"Winston-Salem, NC 27103","f: 336.765.6599","p: 336.768.2980","NC","3000 Maplewood Ave, Ste. 112"
"355","4551 Yadkin Rd--17","4551 Yadkin Rd",NA,"Fayetteville, NC 28303","f: 910.401.0845","p: 866.942.7762","NC","4551 Yadkin Rd"
"356","4822 Albemarle Road #103 & #104 (Admin)--9","4822 Albemarle Road #103 & #104 (Admin)",NA,"Charlotte, NC 28205","f: 704.536.7581","p: 704.536.7233","NC","4822 Albemarle Road #103 & #104 (Admin)"
"357","68 McDowell St--1","68 McDowell St",NA,"Asheville, NC 28801","f: ","p: 828.252.7928","NC","68 McDowell St"
"358","3105 N. 93rd St--5","3105 N. 93rd St",NA,"Omaha, NE 68134","f: 402.496.0489","p: 877.811.7526","NE","3105 N. 93rd St"
"359","5631 S. 48th Street--1","5631 S. 48th Street","Suite 100","Lincoln, NE 68516","f: 402.441.3337","p: 877.811.7526","NE","5631 S. 48th Street"
"360","108 High Street--8","108 High Street","","Exeter, NH 03833","f: 603.772.8091","p: 603.772.9315","NH","108 High Street"
"361","136 Pleasant St.--1","136 Pleasant St.","","Claremont, NH 03743","f: 603.542.4438","p: 603.542.4568","NH","136 Pleasant St."
"362","24 Pennacook Street--16","24 Pennacook Street","","Manchester, NH 03104","f: 603.621.0097","p: 603.669.7321","NH","24 Pennacook Street"
"363","4 Birch Street--4","4 Birch Street","","Derry, NH 03038","f: 603.434.4290","p: 603.434.1354","NH","4 Birch Street"
"364","8 Middle Street--12","8 Middle Street","","Keene, NH 03431","f: 603.352.0682","p: 603.352.6898","NH","8 Middle Street"
"365","10B Industrial Drive--60","10B Industrial Drive",NA,"New Brunswick, NJ 08901","f: 732.846.8799","p: 732.246.2411","NJ","10B Industrial Drive"
"366","1150 Dickinson Street--22","1150 Dickinson Street",NA,"Elizabeth, NJ 07201","f: 908.353.6822","p: 908.351.5384","NJ","1150 Dickinson Street"
"367","12 Snowhill St, Snowhill Plaza, Ste. 3--102","12 Snowhill St, Snowhill Plaza, Ste. 3",NA,"Spotswood, NJ 08884","f: 732.723.2448","p: 732.723.9192","NJ","12 Snowhill St, Snowhill Plaza, Ste. 3"
"368","123 Park Ave--84","123 Park Ave",NA,"Plainfield, NJ 07060","f: 908.756.9272","p: 908.756.3736","NJ","123 Park Ave"
"369","151 Washington Street--64","151 Washington Street",NA,"Newark, NJ 07102","f: 973.596.6307","p: 973.622.3900","NJ","151 Washington Street"
"370","196 Speedwell Ave--56","196 Speedwell Ave",NA,"Morristown, NJ 07960","f: 973.539.0055","p: 973.539.1364","NJ","196 Speedwell Ave"
"371","2000 Pennington Road--30","2000 Pennington Road","Eickhoff Hall","Ewing, NJ 08628","f: 609.637.5131","p: 609.771.2110","NJ","2000 Pennington Road"
"372","2279 State Highway 33--47","2279 State Highway 33","Golden Crest Corporate Center - Suite 510","Hamilton Square, NJ 08690","f: 609.587.0802","p: 609.599.4881","NJ","2279 State Highway 33"
"373","29 N Fullerton Ave--52","29 N Fullerton Ave",NA,"Montclair, NJ 07042","f: 973-746-8899","p: 973-746-7116","NJ","29 N Fullerton Ave"
"374","2922 Atlantic Ave--1","2922 Atlantic Ave","2nd floor","Atlantic City, NJ 08401","f: 609.345.4290","p: 609.437.2020","NJ","2922 Atlantic Ave"
"375","317 Broadway--9","317 Broadway",NA,"Camden, NJ 08103","f: 856.365.9215","p: 856.365.3519","NJ","317 Broadway"
"376","349 Rt 31 South, Building B, Suite 503--35","349 Rt 31 South, Building B, Suite 503",NA,"Flemington, NJ 08822","f: 908.806.8729","p: 908.782.7727","NJ","349 Rt 31 South, Building B, Suite 503"
"377","35 East Browning Road--5","35 East Browning Road",NA,"Bellmawr, NJ 08031","f: 856.931.6970","p: 856.365.3519","NJ","35 East Browning Road"
"378","437 East State Street, Unit 1--106","437 East State Street, Unit 1",NA,"Trenton, NJ 08608","f: 609.599.3738","p: 609.599.4881","NJ","437 East State Street, Unit 1"
"379","437 East State Street, Unit 2--110","437 East State Street, Unit 2",NA,"Trenton, NJ 08608","f: 609.599.1237","p: 609.599.4881","NJ","437 East State Street, Unit 2"
"380","450 Market Street--80","450 Market Street",NA,"Perth Amboy, NJ 08861","f: 732.442.7150","p: 732.442.4499","NJ","450 Market Street"
"381","46 N Van Brunt Street--26","46 N Van Brunt Street",NA,"Englewood, NJ 07631","f: 201.568.4986","p: 201.894.0966","NJ","46 N Van Brunt Street"
"382","560 Dr. Martin Luther King Blvd., Ste. 100--18","560 Dr. Martin Luther King Blvd., Ste. 100",NA,"East Orange, NJ 07018","f: 973.674.5581","p: 973.674.4343","NJ","560 Dr. Martin Luther King Blvd., Ste. 100"
"383","575 Main Street--43","575 Main Street",NA,"Hackensack, NJ 07601","f: 201.489.8077","p: 201.489.1140","NJ","575 Main Street"
"384","66 East Washington Avenue--114","66 East Washington Avenue",NA,"Washington, NJ 07882","f: 908.689.3273","p: 908.454.3000","NJ","66 East Washington Avenue"
"385","680 Broadway--76","680 Broadway",NA,"Paterson, NJ 07505","f: 973.345.4250","p: 973.345.3883","NJ","680 Broadway"
"386","69 East Newman Springs Road--97","69 East Newman Springs Road","PO Box 95","Shrewsbury, NJ 07702","f: 732.842.9338","p: 732.842.9300","NJ","69 East Newman Springs Road"
"387","70 Adams St, Suite 13--68","70 Adams St, Suite 13",NA,"Newark, NJ 07105","f: 973.465.5779","p: 973.465.7707","NJ","70 Adams St, Suite 13"
"388","750 Hamburg Turnpike--93","750 Hamburg Turnpike",NA,"Pompton Lakes, NJ 07442","f: 973.839.5924","p: 973.839.2363","NJ","750 Hamburg Turnpike"
"389","8 Moran Street--72","8 Moran Street",NA,"Newton, NJ 07860","f: 973.383.2060","p: 973.383.5218","NJ","8 Moran Street"
"390","800 W Main Street--39","800 W Main Street",NA,"Freehold, NJ 07728","f: 732.431.4846","p: 732.431.1717","NJ","800 W Main Street"
"391","8008 Route 130N--13","8008 Route 130N","Building B,  Suite 305","Delran, NJ 08075","f: 609.871.4220","p: 856.365.3519","NJ","8008 Route 130N"
"392","Stockton College--88","Stockton College","West Quad Building, Suite 108","Pomona, NJ 08240","f: 609.626.5586","p: 856.365.3519","NJ","Stockton College"
"393","2804 E 20th Street--12","2804 E 20th Street","","Farmington, NM 87401","f: 505.325.0933","p: 505.327.0451","NM","2804 E 20th Street"
"394","3625 Central NE--1","3625 Central NE","","Albuquerque, NM 87108","f: 505.265.3724","p: 505.265.3722","NM","3625 Central NE"
"395","4300 Ridgecrest DR - Suite P--16","4300 Ridgecrest DR - Suite P","","Rio Rancho, NM 87124","f: 505.891.2105","p: 505.899.7900","NM","4300 Ridgecrest DR - Suite P"
"396","701 San Mateo NE--8","701 San Mateo NE","","Albuquerque, NM 87108","f: 505.268.4350","p: 505.265.9511","NM","701 San Mateo NE"
"397","730 St. Michael's Drive, Suite 4B--20","730 St. Michael's Drive, Suite 4B","","Santa Fe, NM 87505","f: 505.982.7204","p: 505.982.3684","NM","730 St. Michael's Drive, Suite 4B"
"398","9809 Candelaria Road NE--4","9809 Candelaria Road NE","","Albuquerque, NM 87112","f: 505.294.0182","p: 505.294.1577","NM","9809 Candelaria Road NE"
"399","3220 W Charleston Blvd.--4","3220 W Charleston Blvd.","","Las Vegas, NV 89102","f: 702.878.7078","p: 702.878.7776","NV","3220 W Charleston Blvd."
"400","3300 E Flamingo Rd #25--1","3300 E Flamingo Rd #25","","Las Vegas, NV 89121","f: 702.547.9988","p: 702.547.9888","NV","3300 E Flamingo Rd #25"
"401","455 W. 5th Street--8","455 W. 5th Street","","Reno, NV 89503","f: 775.688.5598","p: 775.688.5555","NV","455 W. 5th Street"
"402","1019 Wicker Street--201","1019 Wicker Street",NA,"Ticonderoga, NY 12883","f: 518.536.9077","p: 518.585.7622","NY","1019 Wicker Street"
"403","1040 State Street--181","1040 State Street",NA,"Schenectady, NY 12307","f: 518.374.8234","p: 518.374.5353","NY","1040 State Street"
"404","106 W. Fourth Street--217","106 W. Fourth Street",NA,"Watkins Glen, NY 14891","f: 607.535.5040","p: 607.535.0030","NY","106 W. Fourth Street"
"405","109 Legion Drive--40","109 Legion Drive",NA,"Cobleskill, NY 12043","f: 518.234.4277","p: 518.234.3325","NY","109 Legion Drive"
"406","110 School Street--52","110 School Street",NA,"Glen Cove, NY 11542","f: 516.674.4248","p: 516.750.2500","NY","110 School Street"
"407","111 E. Chestnut Street, Ste. 205--169","111 E. Chestnut Street, Ste. 205",NA,"Rome, NY 13440","f: 315.337.8641","p: 315.337.8584","NY","111 E. Chestnut Street, Ste. 205"
"408","111 Seneca Street--68","111 Seneca Street",NA,"Hornell, NY 14843","f: 607.324.2666","p: 607.324.1124","NY","111 Seneca Street"
"409","1120 E Genesee Street--197","1120 E Genesee Street",NA,"Syracuse, NY 13210","f: 315.475.0685","p: 866.600.6886","NY","1120 E Genesee Street"
"410","114 University Avenue--165","114 University Avenue",NA,"Rochester, NY 14605","f: 585.454.7001","p: 866.600.6886","NY","114 University Avenue"
"411","135 Walnut Street--44","135 Walnut Street",NA,"Corning, NY 14830","f: 607.962.7520","p: 607.962.4686","NY","135 Walnut Street"
"412","135 Warren Street--56","135 Warren Street",NA,"Glens Falls, NY 12801","f: 518.745.5946","p: 518.792.0994","NY","135 Warren Street"
"413","136 Lake Street, Suite11--120","136 Lake Street, Suite11",NA,"Newburgh, NY 12550","f: 845.562.0213","p: 845.562.7800","NY","136 Lake Street, Suite11"
"414","14 Prince Street, PO Box 1376--104","14 Prince Street, PO Box 1376",NA,"Monticello, NY 12701","f: 845.796.4611","p: 845.794.3704","NY","14 Prince Street, PO Box 1376"
"415","1424 Genesee Street--209","1424 Genesee Street",NA,"Utica, NY 13502","f: 315.797.9671","p: 315.724.6146","NY","1424 Genesee Street"
"416","15 LaFayette Avenue--28","15 LaFayette Avenue",NA,"Canandaigua, NY 14424","f: 585.396.9027","p: 866.600.6886","NY","15 LaFayette Avenue"
"417","15 Webster Street--132","15 Webster Street",NA,"North Tonawanda, NY 14120","f: ","p: 716.694.6454","NY","15 Webster Street"
"418","160 Stone Street--213","160 Stone Street",NA,"Watertown, NY 13601","f: 315.222.7432","p: 315.788.8065","NY","160 Stone Street"
"419","1673 Route 9--36","1673 Route 9",NA,"Clifton Park, NY 12065","f: 518.383.2312","p: 518.383.1783","NY","1673 Route 9"
"420","17 Noxon Street--153","17 Noxon Street",NA,"Poughkeepsie, NY 12601","f: 845.471.1644","p: 845.471.1540","NY","17 Noxon Street"
"421","175 Tarrytown Road--229","175 Tarrytown Road",NA,"White Plains, NY 10607","f: 914.287.0184","p: 914.761.6566","NY","175 Tarrytown Road"
"422","180 Sunrise Highway--221","180 Sunrise Highway",NA,"West Islip, NY 11795","f: 631.893.0146","p: 631.893.0150","NY","180 Sunrise Highway"
"423","190 Fairview Ave--72","190 Fairview Ave",NA,"Hudson, NY 12534","f: 518.828.5209","p: 518.828.4675","NY","190 Fairview Ave"
"424","20 S Broadway--233","20 S Broadway",NA,"Yonkers, NY 10701","f: 914.965.8129","p: 914.965.1912","NY","20 S Broadway"
"425","200 Broadway--205","200 Broadway",NA,"Troy, NY 12180","f: 518.274.5646","p: 518.434.5678","NY","200 Broadway"
"426","21 Grand Street--88","21 Grand Street",NA,"Kingston, NY 12401","f: 845.338.0890","p: 845.338.0840","NY","21 Grand Street"
"427","222 W Main Street--8","222 W Main Street",NA,"Batavia, NY 14020","f: 585.344.2831","p: 866.600.6886","NY","222 W Main Street"
"428","23 Hyatt Street --193","23 Hyatt Street ",NA,"Staten Island, NY 10301","f: ","p: 212.965.7000","NY","23 Hyatt Street "
"429","236 Washington Street--177","236 Washington Street",NA,"Saratoga Springs, NY 12866","f: 518.581.2524","p: 518.584.0041","NY","236 Washington Street"
"430","246 W. Main Street Suites 1&2--96","246 W. Main Street Suites 1&2",NA,"Malone, NY 12953","f: 518.536.9059","p: 518.483.7150","NY","246 W. Main Street Suites 1&2"
"431","247-249 North Ave--112","247-249 North Ave",NA,"New Rochelle, NY 10801","f: 914.632.4625","p: 914.632.4442","NY","247-249 North Ave"
"432","25 Perlman Drive--189","25 Perlman Drive",NA,"Spring Valley, NY 10977","f: 845.426.6006","p: 845.426.7577","NY","25 Perlman Drive"
"433","2505 Carmel Avenue--12","2505 Carmel Avenue",NA,"Brewster, NY 10509","f: 845.278.7221","p: 845.278.7313","NY","2505 Carmel Avenue"
"434","26 Bleecker Street--116","26 Bleecker Street",NA,"New York, NY 10012","f: 212.965.6981","p: 212.965.7000","NY","26 Bleecker Street"
"435","2697 Main Street--24","2697 Main Street",NA,"Buffalo, NY 14214","f: 716.831.1065","p: 716.831.2200","NY","2697 Main Street"
"436","2824 W Ridge Road --161","2824 W Ridge Road ",NA,"Rochester, NY 14626","f: 585.227.2463","p: 866.600.6886","NY","2824 W Ridge Road "
"437","349 E 149th Street, 2nd Floor--16","349 E 149th Street, 2nd Floor",NA,"Bronx, NY 10451","f: 718.585.8275","p: 212.965.7000","NY","349 E 149th Street, 2nd Floor"
"438","35 Carmans Road--100","35 Carmans Road",NA,"Massapequa, NY 11758","f: 516.598.0460","p: 516.750.2500","NY","35 Carmans Road"
"439","400 North Perry Street--84","400 North Perry Street",NA,"Johnstown, NY 12095","f: 518.736.1923","p: 518.736.1911","NY","400 North Perry Street"
"440","41 St. Bernard St.--173","41 St. Bernard St.",NA,"Saranac Lake, NY 12983","f: 518.536.9067","p: 518.891.0046","NY","41 St. Bernard St."
"441","419 Ford Street--136","419 Ford Street",NA,"Ogdensburg, NY 13669","f: 315.222.7439","p: 315.393.6544","NY","419 Ford Street"
"442","44 Court Street, 6th Floor--20","44 Court Street, 6th Floor",NA,"Brooklyn, NY 11201","f: 212.965.7181","p: 212.965.7000","NY","44 Court Street, 6th Floor"
"443","450 Waverly Ave--144","450 Waverly Ave","Suite 4","Patchogue, NY 11772","f: 631.289.6484","p: 631.475.5705","NY","450 Waverly Ave"
"444","4803 State Highway/30 KEM Plaza--4","4803 State Highway/30 KEM Plaza",NA,"Amsterdam, NY 12010","f: 518.627.0009","p: 518.842.0285","NY","4803 State Highway/30 KEM Plaza"
"445","540 Fulton Ave--64","540 Fulton Ave",NA,"Hempstead, NY 11550","f: 516.483.3556","p: 516.750.2500","NY","540 Fulton Ave"
"446","550 E Main Street, Ste. 100--157","550 E Main Street, Ste. 100",NA,"Riverhead, NY 11901","f: 631.369.5582","p: 631.369.0230","NY","550 E Main Street, Ste. 100"
"447","6 Gramatan Avenue, 4th Floor--108","6 Gramatan Avenue, 4th Floor",NA,"Mt. Vernon, NY 10550","f: 914.668.7967","p: 914.668.7927","NY","6 Gramatan Avenue, 4th Floor"
"448","603 Seneca Street, Suite 5--140","603 Seneca Street, Suite 5",NA,"Oneida, NY 13421","f: 315.363.3951","p: 315.363.3950","NY","603 Seneca Street, Suite 5"
"449","620 West Seneca Street--80","620 West Seneca Street",NA,"Ithaca, NY 14850","f: 607.273.8776","p: 607.273.1513","NY","620 West Seneca Street"
"450","66 Brinkerhoff Street--149","66 Brinkerhoff Street",NA,"Plattsburgh, NY 12901","f: 518.536.9046","p: 518.561.4430","NY","66 Brinkerhoff Street"
"451","6951 Williams Road--128","6951 Williams Road",NA,"Niagara Falls, NY 14304","f: 716.205.0710","p: 716.205.0708","NY","6951 Williams Road"
"452","7 Coates Drive, Suite 4--60","7 Coates Drive, Suite 4",NA,"Goshen, NY 10924","f: 845.294.1180","p: 845.294.8831","NY","7 Coates Drive, Suite 4"
"453","70 Maple Ave--185","70 Maple Ave",NA,"Smithtown, NY 11787","f: 631.361.7678","p: 631.361.7526","NY","70 Maple Ave"
"454","7398 Turin Rd--92","7398 Turin Rd",NA,"Lowville, NY 13367","f: 315.222.7445","p: 315.804.6174","NY","7398 Turin Rd"
"455","750 Portage Road--124","750 Portage Road",NA,"Niagara Falls, NY 14301","f: 716.282.1235","p: 716.282.1221","NY","750 Portage Road"
"456","755 E. Church Street--48","755 E. Church Street",NA,"Elmira, NY 14901","f: 607.734.3392","p: 607.734.3313","NY","755 E. Church Street"
"457","755 New York Ave--76","755 New York Ave",NA,"Huntington, NY 11743","f: 631.427.1381","p: 631.427.7154","NY","755 New York Ave"
"458","855 Central Ave.--1","855 Central Ave.",NA,"Albany, NY 12206","f: 518.434.0732","p: 518.434.5678","NY","855 Central Ave."
"459","9 Miner Street--32","9 Miner Street",NA,"Canton, NY 13617","f: 315.222.7435","p: 315.386.8821","NY","9 Miner Street"
"460","Wimbledon Plaza 240 Center Road--225","Wimbledon Plaza 240 Center Road",NA,"West Seneca, NY 14224","f: 716.675.1709","p: 716.831.2200","NY","Wimbledon Plaza 240 Center Road"
"461","1005 East State Street--4","1005 East State Street","Suite W","Athens, OH 45701","f: 740.593.8223","p: 740.593.6979","OH","1005 East State Street"
"462","1061 North Bechtle Avenue--102","1061 North Bechtle Avenue",NA,"Springfield, OH 45504","f: 937.325.5632","p: 937.325.7349","OH","1061 North Bechtle Avenue"
"463","11 Ludlow Street--75","11 Ludlow Street",NA,"Hamilton, OH 45011","f: 513.856.8931","p: 513.856.8332","OH","11 Ludlow Street"
"464","1301 Jefferson Ave--106","1301 Jefferson Ave",NA,"Toledo, OH 43604","f: 419.255.2500","p: 419.255.1115","OH","1301 Jefferson Ave"
"465","133 Lewis Avenue--37","133 Lewis Avenue",NA,"Circleville, OH 43113","f: 740.420.2885","p: 740.474.4741","OH","133 Lewis Avenue"
"466","138 E Main Street--79","138 E Main Street","2nd Floor","Kent, OH 44240","f: 330.678.3877","p: 330.678.8011","OH","138 E Main Street"
"467","1511 West Broad Street--54","1511 West Broad Street",NA,"Columbus, OH 43222","f: 614.222.3608","p: 614.222.3525","OH","1511 West Broad Street"
"468","152 West Central Avenue--71","152 West Central Avenue",NA,"Delaware, OH 43015","f: 740.369.6276","p: 740.369.1766","OH","152 West Central Avenue"
"469","18 East 17th Avenue--58","18 East 17th Avenue",NA,"Columbus, OH 43201","f: 614.222.3612","p: 614.222.3604","OH","18 East 17th Avenue"
"470","200 W. 9th Street--84","200 W. 9th Street","YWCA Women's Center ","Lorain, OH 44052","f: 440.242.2089","p: 440.242.2087","OH","200 W. 9th Street"
"471","2016 Ferguson Road--33","2016 Ferguson Road",NA,"Cincinnati, OH 45238","f: 513.574.4382","p: 513.574.4348","OH","2016 Ferguson Road"
"472","20800 Center Ridge Road #101--98","20800 Center Ridge Road #101",NA,"Rocky River, OH 44116","f: 440.331.4245","p: 440.331.8744","OH","20800 Center Ridge Road #101"
"473","224 N Wilkinson Street--67","224 N Wilkinson Street",NA,"Dayton, OH 45402","f: 937.226.0355","p: 937.226.0780","OH","224 N Wilkinson Street"
"474","2314 Auburn Avenue--21","2314 Auburn Avenue",NA,"Cincinnati, OH 45219","f: 513.287.6580","p: 513.287.6484","OH","2314 Auburn Avenue"
"476","25350 Rockside Rd--13","25350 Rockside Rd",NA,"Bedford Heights, OH 44146","f: 440.374.4969","p: 440.232.9732","OH","25350 Rockside Rd"
"478","2663 Cleveland Ave NW--17","2663 Cleveland Ave NW",NA,"Canton, OH 44709","f: 330.456.9679","p: 330.456.7191","OH","2663 Cleveland Ave NW"
"479","2668 Elm Road--62","2668 Elm Road","Elm Road Medical Park, Building C","Cortland, OH 44410","f: 330.395.2231","p: 330.399.5104","OH","2668 Elm Road"
"480","290 Northland Blvd.--29","290 Northland Blvd.",NA,"Cincinnati, OH 45246","f: 513.772.2469","p: 513.772.2207","OH","290 Northland Blvd."
"481","3255 East Main Street--50","3255 East Main Street",NA,"Columbus, OH 43213","f: 614.222.3529","p: 614.222.3531","OH","3255 East Main Street"
"482","3311 Broadview Road--45","3311 Broadview Road","P.O. Box 609009","Cleveland, OH 44109","f: 216.661.2238","p: 216.661.0400","OH","3311 Broadview Road"
"483","334 E Milltown Road--110","334 E Milltown Road",NA,"Wooster, OH 44691","f: 330.345.7225","p: 330.345.7798","OH","334 E Milltown Road"
"484","384 Park Avenue W--89","384 Park Avenue W",NA,"Mansfield, OH 44906","f: 419.522.3629","p: 419.525.3075","OH","384 Park Avenue W"
"485","4018 Medina Road--93","4018 Medina Road","Suite C","Medina, OH 44256","f: 330.723.9677","p: 330.723.1300","OH","4018 Medina Road"
"486","444 West Exchange Street--1","444 West Exchange Street",NA,"Akron, OH 44302","f: 330.535.2987","p: 330.535.2671","OH","444 West Exchange Street"
"487","77 E Midlothian Blvd.--114","77 E Midlothian Blvd.",NA,"Youngstown, OH 44507","f: 330.788.8620","p: 330.788.2487","OH","77 E Midlothian Blvd."
"488","7997 Euclid Ave--41","7997 Euclid Ave",NA,"Cleveland, OH 44103","f: 216.707.9370","p: 216.851.1880","OH","7997 Euclid Ave"
"489","1007 S. Peoria Ave--20","1007 S. Peoria Ave","","Tulsa, OK 74120","f: 918.587.0589","p: 855.841.7526","OK","1007 S. Peoria Ave"
"492","1200 S Air Depot #G--4","1200 S Air Depot #G","","Midwest City, OK 73110","f: 405.741.1402","p: 405.732.3836","OK","1200 S Air Depot #G"
"493","2100 B W Lindsey--8","2100 B W Lindsey","","Norman, OK 73069","f: 405.360.2850","p: 405.360.1556","OK","2100 B W Lindsey"
"494","3431 S. Boulevard, Suite 108--1","3431 S. Boulevard, Suite 108","","Edmond, OK 73013","f: 405.348.6708","p: 405.348.9904","OK","3431 S. Boulevard, Suite 108"
"495","6048 S Western--16","6048 S Western","","Oklahoma City, OK 73139","f: 405.631.3542","p: 405.631.0943","OK","6048 S Western"
"496","619 NW 23rd Street--12","619 NW 23rd Street","","Oklahoma City, OK 73103","f: 405.524.7427","p: 405.528.2157","OK","619 NW 23rd Street"
"497","12220 SW First St., Suite 200--4","12220 SW First St., Suite 200",NA,"Beaverton, OR 97005","f: 503.626.0953","p: 888.875.7820","OR","12220 SW First St., Suite 200"
"498","125 South Central--32","125 South Central","Suite 201","Medford, OR 97501","f: 541.773.1634","p: 541.773.8285","OR","125 South Central"
"499","1450 Birch Avenue--12","1450 Birch Avenue",NA,"Cottage Grove, OR 97424","f: 541.767.0568","p: 541.767.0566","OR","1450 Birch Avenue"
"500","1532 Siskiyou Blvd.--1","1532 Siskiyou Blvd.",NA,"Ashland, OR 97520","f: 541.482.7427","p: 541.482.8700","OR","1532 Siskiyou Blvd."
"501","160 NW Franklin Blvd.--28","160 NW Franklin Blvd.",NA,"Grants Pass, OR 97526","f: 541.474.0638","p: 541.474.2784","OR","160 NW Franklin Blvd."
"502","2330 NE Division St., Suite 7--8","2330 NE Division St., Suite 7",NA,"Bend, OR 97701","f: 541.389.0850","p: 888.875.7820","OR","2330 NE Division St., Suite 7"
"503","3231 SE 50th--41","3231 SE 50th",NA,"Portland, OR 97206","f: 503.788.7289","p: 888.875.7820","OR","3231 SE 50th"
"504","3579 Franklin Blvd--16","3579 Franklin Blvd",NA,"Eugene, OR 97403","f: 541.344.6519","p: 541.344.9411","OR","3579 Franklin Blvd"
"505","3727 NE Martin Luther King Jr. Boulevard--37","3727 NE Martin Luther King Jr. Boulevard",NA,"Portland, OR 97212","f: 503.288.5239","p: 888.875.7820","OR","3727 NE Martin Luther King Jr. Boulevard"
"506","3825 Wolverine St., NE--45","3825 Wolverine St., NE",NA,"Salem, OR 97305","f: 503.391.9057","p: 888.875.7820","OR","3825 Wolverine St., NE"
"507","4969 Highway 101--24","4969 Highway 101",NA,"Florence, OR 97439","f: 541.902.0366","p: 541.902.7861","OR","4969 Highway 101"
"508","793 N. Danebo Avenue--20","793 N. Danebo Avenue",NA,"Eugene, OR 97402","f: 541.463.0468","p: 541.463.9731","OR","793 N. Danebo Avenue"
"509","1001 East Lincoln Highway--22","1001 East Lincoln Highway","PO Box 670","Coatesville, PA 19320","f: 610.383.1693","p: 610.383.5911","PA","1001 East Lincoln Highway"
"510","1144 Locust Street--85","1144 Locust Street",NA,"Philadelphia, PA 19107","f: 215.351.5547","p: 215.351.5560","PA","1144 Locust Street"
"512","118 South Kimberly Ave, Ste. 101--122","118 South Kimberly Ave, Ste. 101",NA,"Somerset, PA 15501","f: 814.443.4418","p: 814.443.6549","PA","118 South Kimberly Ave, Ste. 101"
"513","1211 Chestnut Street --72","1211 Chestnut Street ","Suite 405","Philadelphia, PA 19107","f: 215.972.1380","p: 215.496.9696","PA","1211 Chestnut Street "
"514","1221 Powell Street--60","1221 Powell Street",NA,"Norristown, PA 19401","f: 610.279.7268","p: 610.279.6095","PA","1221 Powell Street"
"516","125 Nature Park Road--35","125 Nature Park Road",NA,"Greensburg, PA 15601","f: ","p: 724.552.0352","PA","125 Nature Park Road"
"517","1514 North Second Street--39","1514 North Second Street",NA,"Harrisburg, PA 17102","f: 717.901.5351","p: 717.234.2468","PA","1514 North Second Street"
"518","1854 Wayne Avenue--18","1854 Wayne Avenue",NA,"Chambersburg, PA 17202","f: 717.264.4440","p: 717.264.4666","PA","1854 Wayne Avenue"
"519","2081 E. High Street--101","2081 E. High Street",NA,"Pottstown, PA 19464","f: 610.326.2867","p: 610.326.8080","PA","2081 E. High Street"
"520","216 W State Street--51","216 W State Street",NA,"Media, PA 19063","f: 610.566.7093","p: 610.566.2830","PA","216 W State Street"
"521","2407 Butler Street--27","2407 Butler Street",NA,"Easton, PA 18042","f: 484.546.0321","p: 610.253.7195","PA","2407 Butler Street"
"522","2751 Comly Road--77","2751 Comly Road",NA,"Philadelphia, PA 19154","f: 215.464.2246","p: 215.464.2225","PA","2751 Comly Road"
"524","28 North Seventh Street--130","28 North Seventh Street",NA,"Stroudsburg, PA 18360","f: 570.476.4580","p: 570.424.8306","PA","28 North Seventh Street"
"525","29 North Ninth Street--1","29 North Ninth Street",NA,"Allentown, PA 18101","f: 610.439.0502","p: 610.439.1033","PA","29 North Ninth Street"
"526","2997 Cape Horn Road #A4--114","2997 Cape Horn Road #A4",NA,"Red Lion, PA 17356","f: 717.246.3318","p: 717.244.1412","PA","2997 Cape Horn Road #A4"
"527","31 South Lime Street--47","31 South Lime Street",NA,"Lancaster, PA 17602","f: 717.299.2004","p: 717.299.2891","PA","31 South Lime Street"
"528","316 Penn Avenue--118","316 Penn Avenue",NA,"Scranton, PA 18503","f: 570.344.3422","p: 570.344.2626","PA","316 Penn Avenue"
"529","401 West Broad Street--105","401 West Broad Street","Suite 1","Quakertown, PA 18951","f: 215.529.5405","p: 215.536.2684","PA","401 West Broad Street"
"530","48 South Fourth Street--110","48 South Fourth Street",NA,"Reading, PA 19602","f: 610.378.1698","p: 610.376.8061","PA","48 South Fourth Street"
"531","515 E Lancaster Ave--126","515 E Lancaster Ave",NA,"St. Davids, PA 19087","f: 610.995.0482","p: 610.687.9410","PA","515 E Lancaster Ave"
"532","533 Washington Pike--9","533 Washington Pike","Suite 203","Bridgeville, PA 15017","f: 412.257.9945","p: 412.257.9880","PA","533 Washington Pike"
"533","610 Louis Drive --139","610 Louis Drive ","Suite 303 - Second Floor","Warminster, PA 18974","f: 215.957.6481","p: 215.957.7980","PA","610 Louis Drive "
"534","63 North Franklin Street--152","63 North Franklin Street",NA,"Wilkes-Barre, PA 18701","f: 570.825.0626","p: 570.824.8921","PA","63 North Franklin Street"
"535","7200 Chestnut Street--134","7200 Chestnut Street","Suite 102","Upper Darby, PA 19082","f: 610.626.9180","p: 610.626.9482","PA","7200 Chestnut Street"
"536","721 Veterans Highway--14","721 Veterans Highway",NA,"Bristol, PA 19007","f: 215.785.4118","p: 215.785.4591","PA","721 Veterans Highway"
"537","728 South Beaver St--156","728 South Beaver St",NA,"York, PA 17401","f: 717.843.2698","p: 717.845.9681","PA","728 South Beaver St"
"538","8 S Wayne Street--144","8 S Wayne Street",NA,"West Chester, PA 19382","f: 610.241.0010","p: 610.692.1770","PA","8 S Wayne Street"
"540","817 Franklin Street --43","817 Franklin Street ",NA,"Johnstown, PA 15901","f: 814.535.5547","p: 814.535.5545","PA","817 Franklin Street "
"541","8210 Castor Ave--68","8210 Castor Ave",NA,"Philadelphia, PA 19152","f: 215.745.5242","p: 215.745.5966","PA","8210 Castor Ave"
"542","933 Liberty Avenue--93","933 Liberty Avenue",NA,"Pittsburgh, PA 15222","f: 412.434.8975","p: 412.434.8971","PA","933 Liberty Avenue"
"544","935 Beaver Grade Road--55","935 Beaver Grade Road","Suite 12","Moon Township, PA 15108","f: 412.264.7790","p: 412.264.7205","PA","935 Beaver Grade Road"
"545","963 Biglerville Road--31","963 Biglerville Road",NA,"Gettysburg, PA 17325","f: 717.334.8906","p: 717.334.9275","PA","963 Biglerville Road"
"546","Centre Plaza Shopping Center--4","Centre Plaza Shopping Center","2185 Galloway Road","Bensalem, PA 19020","f: 215.638.1192","p: 215.638.0629","PA","Centre Plaza Shopping Center"
"547","111 Point Street--1","111 Point Street","P.O. Box 41059","Providence, RI 02903","f: 401.421.9668","p: 401.421.9620","RI","111 Point Street"
"548","200 Rutledge Ave.--1","200 Rutledge Ave.","","Charleston, SC 29403","f: 843.937.6497","p: 843.628.4380","SC","200 Rutledge Ave."
"549","2712 Middleburg Drive #107 and #209--4","2712 Middleburg Drive #107 and #209","","Columbia, SC 29204","f: 803.256.4900","p: 803.256.4908","SC","2712 Middleburg Drive #107 and #209"
"550","6511 West 41st Street--1","6511 West 41st Street","","Sioux Falls, SD 57106","f: 605.361.9523","p: 605.361.5100","SD","6511 West 41st Street"
"551","2430 Poplar Avenue--8","2430 Poplar Avenue","Suite 100","Memphis, TN 38112","f: 901.274.1660","p: 901.725.1717","TN","2430 Poplar Avenue"
"552","409 East Unaka Avenue--1","409 East Unaka Avenue",NA,"Johnson City, TN 37601","f: ","p: 423.504.4447","TN","409 East Unaka Avenue"
"553","412 Dr. D.B. Todd, Jr. Blvd.--13","412 Dr. D.B. Todd, Jr. Blvd.",NA,"Nashville, TN 37203","f: 615.320.5233","p: 615.321.7216","TN","412 Dr. D.B. Todd, Jr. Blvd."
"554","710 North Cherry St.--4","710 North Cherry St.",NA,"Knoxville, TN 37914","f: 865.694.7154","p: 865.694.7155","TN","710 North Cherry St."
"555","104 Babcock Rd.--123","104 Babcock Rd.",NA,"San Antonio, TX 78201","f: 210.733.9600","p: 210.736.2262","TX","104 Babcock Rd."
"556","1121 Ross Avenue,--155","1121 Ross Avenue,",NA,"Waco, TX 76706","f: 254.759.5765","p: 254.759.5750","TX","1121 Ross Avenue,"
"557","11514 Perrin Beitel Rd--119","11514 Perrin Beitel Rd",NA,"San Antonio, TX 78217","f: 210.967.6715","p: 210.590.0202","TX","11514 Perrin Beitel Rd"
"558","11834 Airline Drive North--72","11834 Airline Drive North",NA,"Houston, TX 77037","f: 404.494.7435","p: 713.514.1106","TX","11834 Airline Drive North"
"559","120 W. Ashby Pl.--139","120 W. Ashby Pl.",NA,"San Antonio, TX 78212","f: 210.736.1725","p: 210.736.2475","TX","120 W. Ashby Pl."
"560","1220 North Town East Blvd. #240--107","1220 North Town East Blvd. #240",NA,"Mesquite, TX 75150","f: 972.613.8585","p: 972.613.0915","TX","1220 North Town East Blvd. #240"
"561","12614 Southwest Freeway, Suite A--147","12614 Southwest Freeway, Suite A",NA,"Stafford, TX 77477","f: 404.494.7435","p: 713.514.1100","TX","12614 Southwest Freeway, Suite A"
"562","13169 Northwest Freeway--76","13169 Northwest Freeway","Suite 115","Houston, TX 77040","f: 404.494.7435","p: 713.514.1107","TX","13169 Northwest Freeway"
"563","1356 W. Main Street--98","1356 W. Main Street",NA,"Lewisville, TX 75067","f: 972.420.0734","p: 972.221.7644","TX","1356 W. Main Street"
"564","140 W FM Road 1382, Ste 160--28","140 W FM Road 1382, Ste 160",NA,"Cedar Hill, TX 75104","f: 972.291.5789","p: 972.709.0081","TX","140 W FM Road 1382, Ste 160"
"565","1720 W  Eldorado Parkway--102","1720 W  Eldorado Parkway","Suite 106","McKinney, TX 75069","f: 972.548.7427","p: 972.548.7482","TX","1720 W  Eldorado Parkway"
"566","1735 17th Street NE--111","1735 17th Street NE",NA,"Paris, TX 75460","f: 903.737.9916","p: 903.784.1301","TX","1735 17th Street NE"
"567","1823 E 7th Street--8","1823 E 7th Street",NA,"Austin, TX 78702","f: 512.477.7134","p: 512.477.5846","TX","1823 E 7th Street"
"568","201 E. Ben White Blvd--16","201 E. Ben White Blvd",NA,"Austin, TX 78704","f: 512.441.6189","p: 512.276.8000","TX","201 E. Ben White Blvd"
"569","2346 E. Southcross Blvd. --131","2346 E. Southcross Blvd. ",NA,"San Antonio, TX 78223","f: 210.531.2940","p: 210.333.5454","TX","2346 E. Southcross Blvd. "
"570","2436 S  IH-35 E  #340--44","2436 S  IH-35 E  #340",NA,"Denton, TX 76205","f: 940.891.0539","p: 940.891.0737","TX","2436 S  IH-35 E  #340"
"571","2470 Jacksboro Highway--52","2470 Jacksboro Highway",NA,"Fort Worth, TX 76114","f: 817.625.5799","p: 817.625.2892","TX","2470 Jacksboro Highway"
"572","2816 Central Drive #160--20","2816 Central Drive #160",NA,"Bedford, TX 76021","f: 817.685.7952","p: 817.545.0077","TX","2816 Central Drive #160"
"573","3315 Gulf Freeway--48","3315 Gulf Freeway",NA,"Dickinson, TX 77539","f: 404.494.7435","p: 713.514.1105","TX","3315 Gulf Freeway"
"574","3500 South Broadway Ave., Ste E--151","3500 South Broadway Ave., Ste E",NA,"Tyler, TX 75701","f: 903.581.8278","p: 903.581.8277","TX","3500 South Broadway Ave., Ste E"
"575","3701 South Cooper Street #235--4","3701 South Cooper Street #235",NA,"Arlington, TX 76015","f: 817.472.8926","p: 817.472.8196","TX","3701 South Cooper Street #235"
"576","3863 Miller Ave.--56","3863 Miller Ave.",NA,"Fort Worth, TX 76119","f: 817.536.6205","p: 817.536.4942","TX","3863 Miller Ave."
"577","4600 Gulf Freeway, Ste. 100, 1st Floor--85","4600 Gulf Freeway, Ste. 100, 1st Floor",NA,"Houston, TX 77023","f: 404.494.7433","p: 713.522.3976","TX","4600 Gulf Freeway, Ste. 100, 1st Floor"
"579","4600 Gulf Freeway, Ste.300--81","4600 Gulf Freeway, Ste.300",NA,"Houston, TX 77023","f: 713.535.2418","p: 713.535.2400","TX","4600 Gulf Freeway, Ste.300"
"580","4747 Louetta Road--143","4747 Louetta Road",NA,"Spring, TX 77388","f: 404.494.7435","p: 713.514.1102","TX","4747 Louetta Road"
"581","5290 Beltline Road #134--1","5290 Beltline Road #134",NA,"Addison, TX 75254","f: 972.991.1475","p: 972.991.1424","TX","5290 Beltline Road #134"
"582","5800 Bellaire Blvd.--93","5800 Bellaire Blvd.","Building 1B, Suite 120","Houston, TX 77081","f: 404.494.7435","p: 713.541.5372","TX","5800 Bellaire Blvd."
"583","6464 John Ryan Drive--60","6464 John Ryan Drive",NA,"Fort Worth, TX 76132","f: 817.346.7703","p: 817.276.8063","TX","6464 John Ryan Drive"
"584","6749 Bandera Rd.--127","6749 Bandera Rd.",NA,"San Antonio, TX 78238","f: 210.521.6872","p: 210.681.7800","TX","6749 Bandera Rd."
"585","6775 Camp Bowie Blvd.--64","6775 Camp Bowie Blvd.",NA,"Fort Worth, TX 76116","f: 817.377.1235","p: 817.377.1234","TX","6775 Camp Bowie Blvd."
"586","712 N 77 Sunshine Strip, Ste. 18--68","712 N 77 Sunshine Strip, Ste. 18",NA,"Harlingen, TX 78550","f: 956.423.2730","p: 956.423.8584","TX","712 N 77 Sunshine Strip, Ste. 18"
"587","7424 Greenville Avenue #211A--36","7424 Greenville Avenue #211A",NA,"Dallas, TX 75231","f: 214.373.7419","p: 214.373.1868","TX","7424 Greenville Avenue #211A"
"588","7989 West Virginia Drive--40","7989 West Virginia Drive",NA,"Dallas, TX 75237","f: 972.298.2475","p: 214.373.1868","TX","7989 West Virginia Drive"
"589","810 N Central Expressway #116--115","810 N Central Expressway #116",NA,"Plano, TX 75074","f: 972.422.0164","p: 972.424.6311","TX","810 N Central Expressway #116"
"590","870 E. Alton Gloor Blvd.--24","870 E. Alton Gloor Blvd.",NA,"Brownsville, TX 78526","f: 956.544.1292","p: 956.546.4571","TX","870 E. Alton Gloor Blvd."
"591","8725 Marbach Rd., Ste. 215--135","8725 Marbach Rd., Ste. 215",NA,"San Antonio, TX 78227","f: 210.645.9097","p: 210.674.2222","TX","8725 Marbach Rd., Ste. 215"
"592","9041 Research #250--12","9041 Research #250",NA,"Austin, TX 78758","f: 512.257.1745","p: 512.331.1288","TX","9041 Research #250"
"593","9100 N. Central Expwy, #169--32","9100 N. Central Expwy, #169",NA,"Dallas, TX 75231","f: 214.368.1482","p: 214.368.1485","TX","9100 N. Central Expwy, #169"
"594","1086 North 1200 West--14","1086 North 1200 West",NA,"Orem, UT 84057","f: 801.434.7030","p: 801.226.5246","UT","1086 North 1200 West"
"595","1091 West South Jordan Parkway (106th South), Suite 100--26","1091 West South Jordan Parkway (106th South), Suite 100",NA,"South Jordan, UT 84095","f: ","p: 801.254.2052","UT","1091 West South Jordan Parkway (106th South), Suite 100"
"596","160 South 1000 East, Suite 120--18","160 South 1000 East, Suite 120",NA,"Salt Lake City, UT 84102","f: 801.363.3126","p: 801.257.6789","UT","160 South 1000 East, Suite 120"
"597","1906 West 3600 South--34","1906 West 3600 South",NA,"West Valley City, UT 84119","f: ","p: 801.973.9675","UT","1906 West 3600 South"
"598","4387 Harrison Blvd.--9","4387 Harrison Blvd.","Suite D-8","Ogden, UT 84403","f: 801.479.7723","p: 801.479.7721","UT","4387 Harrison Blvd."
"599","550 N Main #17--4","550 N Main #17","Clock Tower Plaza","Logan, UT 84321","f: 435.753.1684","p: 435.753.0724","UT","550 N Main #17"
"600","595 South Bluff Street Suite 1--30","595 South Bluff Street Suite 1",NA,"St. George, UT 84770","f: 435.674.7227","p: 435.674.9933","UT","595 South Bluff Street Suite 1"
"601","654 South 900 East--22","654 South 900 East",NA,"Salt Lake City, UT 84102","f: 801.322.0065","p: 801.322.5571","UT","654 South 900 East"
"602","728 W. 100 S. #1 --1","728 W. 100 S. #1 ",NA,"Heber, UT 84032","f: 435.654.4067","p: 435.654.7105","UT","728 W. 100 S. #1 "
"603","201 N Hamilton Street--16","201 N Hamilton Street","","Richmond, VA 23221","f: 804.355.5216","p: 804.355.4358","VA","201 N Hamilton Street"
"604","2207 Peters Creek Road--20","2207 Peters Creek Road","","Roanoke, VA 24017","f: 540.562.5124","p: 540.562.3457","VA","2207 Peters Creek Road"
"605","2964 Hydraulic Road--4","2964 Hydraulic Road","","Charlottesville, VA 22901","f: 434.975.3424","p: 434.296.1000","VA","2964 Hydraulic Road"
"606","303 S. Maple Avenue, Suite 300--8","303 S. Maple Avenue, Suite 300","","Falls Church, VA 22046","f: 703.533.1929","p: 703.533.5651","VA","303 S. Maple Avenue, Suite 300"
"607","403 Yale Drive--12","403 Yale Drive","","Hampton, VA 23666","f: 757.825.9165","p: 757.826.2079","VA","403 Yale Drive"
"608","515 Newtown Road--24","515 Newtown Road","","Virginia Beach, VA 23462","f: 757.309.4853","p: 757.499.7526","VA","515 Newtown Road"
"609","700-J N Main Street--1","700-J N Main Street","","Blacksburg, VA 24060","f: 540--951-5192","p: 540.951.7009","VA","700-J N Main Street"
"610","1641 Rt 7 South--21","1641 Rt 7 South",NA,"Middlebury, VT 05753","f: 802.388.0411","p: 802.388.2765","VT","1641 Rt 7 South"
"611","183 St. Paul Street--12","183 St. Paul Street",NA,"Burlington, VT 05401","f: 802.863.4951","p: 802.863.6326","VT","183 St. Paul Street"
"612","194 North Street--4","194 North Street",NA,"Bennington, VT 05201","f: 802.442.2206","p: 802.442.8166","VT","194 North Street"
"613","213 East Main St.--16","213 East Main St.","P.O. Box 347","Hyde Park, VT 05655","f: 802.888.6912","p: 802.888.3077","VT","213 East Main St."
"614","402 Canal Street--8","402 Canal Street",NA,"Brattleboro, VT 05301","f: 802.257.4342","p: 802.257.0534","VT","402 Canal Street"
"615","501 Portland St--38","501 Portland St",NA,"St. Johnsbury, VT 05819","f: 802.748.0353","p: 802.751.7821","VT","501 Portland St"
"616","6 Roberts North--30","6 Roberts North",NA,"Rutland, VT 05701","f: 802.775.2044","p: 802.775.2333","VT","6 Roberts North"
"617","75 Talcott Road--46","75 Talcott Road","Suite 10","Williston, VT 05495","f: 802.879.4433","p: 802.879.4800","VT","75 Talcott Road"
"618","79 Coventry Street--25","79 Coventry Street","P.O. Box 932","Newport, VT 05855","f: 802.334.5312","p: 802.334.5822","VT","79 Coventry Street"
"619","79 South Main St--42","79 South Main St",NA,"White River Junction, VT 05001","f: 802.291.9130","p: 802.281.6056","VT","79 South Main St"
"620","80 Fairfield Street--34","80 Fairfield Street",NA,"St. Albans, VT 05478","f: 802.527.1729","p: 802.527.1727","VT","80 Fairfield Street"
"621","90 Washington Street--1","90 Washington Street",NA,"Barre, VT 05641","f: 802.476.6419","p: 802.476.6696","VT","90 Washington Street"
"622","10056 SE 240th #A--37","10056 SE 240th #A",NA,"Kent, WA 98031","f: 253.850.2982","p: 800.769.0045","WA","10056 SE 240th #A"
"623","1020 W Main Street--12","1020 W Main Street",NA,"Centralia, WA 98531","f: 360.330.5791","p: 800.769.0045","WA","1020 W Main Street"
"624","10210 State Ave.--45","10210 State Ave.",NA,"Marysville, WA 98271","f: 360.658.6987","p: 800.769.0045","WA","10210 State Ave."
"625","1105 S 348th Street #B103--24","1105 S 348th Street #B103",NA,"Federal Way, WA 98003","f: 253.661.9132","p: 800.769.0045","WA","1105 S 348th Street #B103"
"626","1117 Tieton Drive--128","1117 Tieton Drive",NA,"Yakima, WA 98902","f: 509.248.0496","p: 866.904.7721","WA","1117 Tieton Drive"
"627","11516 SE Mill Plain Blvd--119","11516 SE Mill Plain Blvd","Suite 2-E","Vancouver, WA 98684","f: 360.694.1631","p: 888.875.7820","WA","11516 SE Mill Plain Blvd"
"628","12104 E. Main Street--107","12104 E. Main Street",NA,"Spokane Valley, WA 99206","f: 509.248.3644","p: 866.904.7721","WA","12104 E. Main Street"
"629","1229 Madison Street--73","1229 Madison Street","Suite 1040","Seattle, WA 98104","f: 206.624.0288","p: 800.769.0045","WA","1229 Madison Street"
"630","123 E Indiana Ave Suite 100--103","123 E Indiana Ave Suite 100",NA,"Spokane, WA 99207","f: 509.248.3644","p: 866.904.7721","WA","123 E Indiana Ave Suite 100"
"631","14730 NE 8th St.--1","14730 NE 8th St.",NA,"Bellevue, WA 98007","f: ","p: 800.769.0045","WA","14730 NE 8th St."
"632","1509 32nd St.--20","1509 32nd St.",NA,"Everett, WA 98201","f: 425.259.1533","p: 800.769.0045","WA","1509 32nd St."
"633","1515 Martin Luther King Jr. Way--115","1515 Martin Luther King Jr. Way",NA,"Tacoma , WA 98405","f: 253.272.2718","p: 800.769.0045","WA","1515 Martin Luther King Jr. Way"
"634","1525 SE King Drive--65","1525 SE King Drive",NA,"Pullman, WA 99163","f: 509.248.3644","p: 866.904.7721","WA","1525 SE King Drive"
"635","1530 Ellis Street--4","1530 Ellis Street",NA,"Bellingham, WA 98225","f: 360.715.8416","p: 360.734.9095","WA","1530 Ellis Street"
"636","1805 E Division Street--49","1805 E Division Street",NA,"Mt. Vernon, WA 98274","f: 360.848.0583","p: 360.848.1744","WA","1805 E Division Street"
"637","19505 76th Ave W. 200--41","19505 76th Ave W. 200",NA,"Lynnwood, WA 98036","f: 425.778.3866","p: 800.769.0045","WA","19505 76th Ave W. 200"
"638","2001 E Madison--78","2001 E Madison",NA,"Seattle, WA 98122","f: 206.328.7520","p: 800.769.0045","WA","2001 E Madison"
"639","2111 N. Northgate Way, Suite 218--82","2111 N. Northgate Way, Suite 218",NA,"Seattle, WA 98133","f: ","p: 800.769.0045","WA","2111 N. Northgate Way, Suite 218"
"640","2505 Olympic Hwy N, #400--99","2505 Olympic Hwy N, #400",NA,"Shelton, WA 98584","f: 360.426.1409","p: 800.769.0045","WA","2505 Olympic Hwy N, #400"
"641","2934 Covey Lane--111","2934 Covey Lane",NA,"Sunnyside, WA 98944","f: 509.837.7322","p: 866.904.7721","WA","2934 Covey Lane"
"642","3901 West Court Street--57","3901 West Court Street",NA,"Pasco, WA 99301","f: 509.545.8932","p: 866.904.7721","WA","3901 West Court Street"
"643","402 Legion Way, Suite 201--53","402 Legion Way, Suite 201",NA,"Olympia, WA 98501","f: 360.754.5793","p: 800.769.0045","WA","402 Legion Way, Suite 201"
"644","426 East 8th Street--61","426 East 8th Street",NA,"Port Angeles, WA 98362","f: ","p: 800.769.0045","WA","426 East 8th Street"
"645","470 Reed Street, Unit 2A --28","470 Reed Street, Unit 2A ","P.O. Box 1121","Friday Harbor, WA 98250","f: 360.378.6050","p: 360.378.6010","WA","470 Reed Street, Unit 2A "
"646","5020 Roosevelt Way NE --86","5020 Roosevelt Way NE ","Unit 1","Seattle, WA 98105","f: 206.729.0499","p: 800.769.0045","WA","5020 Roosevelt Way NE "
"647","613 North Pine Street--16","613 North Pine Street",NA,"Ellensburg, WA 98926","f: 509.925.6732","p: 866.904.7721","WA","613 North Pine Street"
"648","675 North 5th Avenue, Suite 2B--95","675 North 5th Avenue, Suite 2B",NA,"Sequim, WA 98382","f: ","p: 800.769.0045","WA","675 North 5th Avenue, Suite 2B"
"649","702-30th Ave SW--69","702-30th Ave SW",NA,"Puyallup, WA 98373","f: 253.864.8548","p: 800.769.0045","WA","702-30th Ave SW"
"650","723 NE Riddell Road, Suite A --8","723 NE Riddell Road, Suite A ",NA,"Bremerton, WA 98310","f: 360.373.1379","p: 800.769.0045","WA","723 NE Riddell Road, Suite A "
"651","7426 West Bonnie Place--33","7426 West Bonnie Place",NA,"Kennewick, WA 99336","f: 509.735.2587","p: 866.904.7721","WA","7426 West Bonnie Place"
"652","828 South First Avenue--124","828 South First Avenue",NA,"Walla Walla, WA 99362","f: 509.522.1940","p: 866.904.7721","WA","828 South First Avenue"
"653","9942 8th Avenue SW--91","9942 8th Avenue SW",NA,"Seattle, WA 98106","f: ","p: 800.769.0045","WA","9942 8th Avenue SW"
"654","1100 South 30th Street--33","1100 South 30th Street",NA,"Manitowoc, WI 54220","f: 920.684.3651","p: 920.684.1332","WI","1100 South 30th Street"
"655","1231 Menomonie Street--12","1231 Menomonie Street",NA,"Eau Claire, WI 54703","f: 715.833.8580","p: 715.833.2279","WI","1231 Menomonie Street"
"656","132 W. Cook Street--61","132 W. Cook Street","P.O. Box 887","Portage, WI 53901","f: 608.742.0507","p: 608.742.1551","WI","132 W. Cook Street"
"657","1355 South 8th Street--86","1355 South 8th Street",NA,"Wisconsin Rapids, WI 54494","f: 715.423.7753","p: 715.423.9610","WI","1355 South 8th Street"
"658","1710 South 7th Street Suite 300--53","1710 South 7th Street Suite 300",NA,"Milwaukee, WI 53204","f: 414.645.8803","p: 414.645.8383","WI","1710 South 7th Street Suite 300"
"659","2108 Kohler Memorial Drive--70","2108 Kohler Memorial Drive",NA,"Sheboygan, WI 53081","f: 920.458.8801","p: 920.458.9401","WI","2108 Kohler Memorial Drive"
"660","2207 W. Wisconsin Ave--49","2207 W. Wisconsin Ave",NA,"Milwaukee, WI 53233","f: 414.931.0063","p: 414.931.8181","WI","2207 W. Wisconsin Ave"
"661","2222 S. Park Street Suite 210--29","2222 S. Park Street Suite 210",NA,"Madison, WI 53713","f: 608.251.6573","p: 608.251.6546","WI","2222 S. Park Street Suite 210"
"662","2239 S 108th Street--78","2239 S 108th Street",NA,"West Allis, WI 53227","f: 414.541.2728","p: 414.541.2772","WI","2239 S 108th Street"
"663","2605 S. Oneida Street--16","2605 S. Oneida Street","Suite 107","Green Bay, WI 54304","f: ","p: 920.432.0031","WI","2605 S. Oneida Street"
"664","302 N Jackson Street--41","302 N Jackson Street",NA,"Milwaukee, WI 53202","f: 414.276.8110","p: 414.276.8777","WI","302 N Jackson Street"
"665","312 South 7th Street--8","312 South 7th Street",NA,"Delavan, WI 53115","f: 262.728.1892","p: 262.728.1849","WI","312 South 7th Street"
"666","3601 Roosevelt Road--21","3601 Roosevelt Road",NA,"Kenosha, WI 53142","f: 262.654.0900","p: 262.654.0491","WI","3601 Roosevelt Road"
"667","3706 Orin Road--25","3706 Orin Road",NA,"Madison, WI 53704","f: 608.241.3854","p: 608.241.3767","WI","3706 Orin Road"
"668","378 S. Koeller St.--57","378 S. Koeller St.",NA,"Oshkosh, WI 54902","f: 920.235.6017","p: 920.235.0115","WI","378 S. Koeller St."
"669","3800 N. Gillett Street--4","3800 N. Gillett Street",NA,"Appleton, WI 54912","f: ","p: 920.731.9534","WI","3800 N. Gillett Street"
"670","426 W Main Street--74","426 W Main Street",NA,"Waukesha, WI 53186","f: 262.544.1307","p: 262.544.0708","WI","426 W Main Street"
"671","508 W Wisconsin Ave, Suite A--1","508 W Wisconsin Ave, Suite A",NA,"Appleton, WI 54911","f: 920.731.8502","p: 920.731.6304","WI","508 W Wisconsin Ave, Suite A"
"672","532 Shepherds Drive--82","532 Shepherds Drive",NA,"West Bend, WI 53090","f: 262.338.2984","p: 262.338.1303","WI","532 Shepherds Drive"
"673","5380 W Fond du Lac Avenue--45","5380 W Fond du Lac Avenue",NA,"Milwaukee, WI 53216","f: 414.536.6830","p: 414.536.6690","WI","5380 W Fond du Lac Avenue"
"674","801 East Capitol Drive--37","801 East Capitol Drive",NA,"Milwaukee, WI 53212","f: 414.967.5785","p: 414.967.4945","WI","801 East Capitol Drive"
"675","834 S Main Street --66","834 S Main Street ",NA,"Racine, WI 53403","f: 262.634.7173","p: 262.634.2060","WI","834 S Main Street "
"676","522 Grand Central Ave.--1","522 Grand Central Ave.","","Vienna, WV 26105","f: 304.295.4924","p: 304.295.3331","WV","522 Grand Central Ave."
"677","1945 Westwood Hill--1","1945 Westwood Hill","","Casper, WY 82604","f: 307.577.4115","p: 307.234.1669","WY","1945 Westwood Hill"
